step,loss,norm,lr,token_per_sec,time
0,7.2119,14.7751,6.594e-06,1915.9031638515612,17.103160858154297
1,7.0298,14.9628,1.2587999999999999e-05,1266.6453499739457,25.869909048080444
2,6.6526,10.3309,1.8582e-05,1592.6922111844372,20.5739688873291
3,6.5150,5.9519,2.4575999999999996e-05,1273.1781014922801,25.73716902732849
4,6.2333,4.1984,3.0569999999999994e-05,976.9401520370424,33.54146099090576
5,6.2655,2.8928,3.656399999999999e-05,1235.6799278711303,26.51819396018982
6,6.2211,2.4142,4.255799999999999e-05,1363.1165607624941,24.039030075073242
7,6.2403,2.3166,4.8551999999999985e-05,1162.3564862514525,28.191007137298584
8,6.0633,2.5988,5.4545999999999975e-05,1416.4042197789659,23.134638786315918
9,6.0284,1.7185,6.053999999999997e-05,1011.0063225744983,32.41127109527588
10,6.1572,2.4655,6.653399999999997e-05,1245.0961596970465,26.317646026611328
11,5.9694,1.5343,7.252799999999997e-05,969.7902222216703,33.788750648498535
12,5.9638,1.8506,7.852199999999996e-05,1127.3286516465932,29.06694507598877
13,5.8824,1.3881,8.451599999999996e-05,1461.2423924445538,22.424753189086914
14,5.8264,1.5873,9.050999999999997e-05,1340.9900716316024,24.43567681312561
15,5.7444,2.0695,9.650399999999997e-05,1078.7656186302484,30.375458240509033
16,5.6043,4.2027,0.00010249799999999997,1074.2543944131594,30.50301694869995
17,5.5178,1.2430,0.00010849199999999996,1183.806726025184,27.68019413948059
18,5.5141,2.1467,0.00011448599999999997,1577.3746727545254,20.77375817298889
19,5.5290,1.4311,0.00012047999999999996,1282.3612035383699,25.552862882614136
20,5.3035,1.5838,0.00012647399999999995,1306.6483750219675,25.07790207862854
21,5.3668,1.2317,0.00013246799999999995,1024.0679442662276,31.9978768825531
22,5.1608,1.7646,0.00013846199999999995,1256.8364179830812,26.071809768676758
23,5.1669,1.5644,0.00014445599999999995,1613.3832174937902,20.310115814208984
24,5.0541,1.2615,0.00015044999999999994,1483.96125691439,22.08143901824951
25,4.9241,1.3893,0.00015644399999999997,1334.8460033236986,24.548150062561035
26,4.8322,1.2360,0.00016243799999999997,1330.580839186028,24.62683892250061
27,4.6575,1.0656,0.000168432,1279.0977381342564,25.6180579662323
28,4.7231,1.0004,0.00017442599999999999,1144.5879554585335,28.628643035888672
29,4.4487,1.2235,0.00018041999999999998,1145.8330947997024,28.597533226013184
30,4.3968,0.9569,0.000186414,1381.8429051634416,23.71325993537903
31,4.4277,1.1266,0.000192408,1200.9114402854473,27.28594207763672
32,4.3619,1.1710,0.00019840200000000003,80.44951896865044,407.311322927475
33,4.2293,1.6951,0.00020439600000000005,33.76245492314686,970.5455386638641
34,4.0297,0.9983,0.00021039000000000008,1173.6041695372255,27.920827865600586
35,4.0768,0.9551,0.00021638400000000007,1177.8475750792704,27.82023811340332
36,4.0185,1.1426,0.00022237800000000007,1339.236805111293,24.46766686439514
37,3.8443,0.9658,0.00022837200000000004,1226.9833939156533,26.70614790916443
38,3.9568,1.3553,0.00023436600000000004,1230.182696697006,26.636693954467773
39,3.9126,1.0330,0.00024036000000000004,1593.2027392352857,20.567376136779785
40,3.7421,1.1361,0.00024635400000000006,1522.0579198390753,21.528747081756592
41,3.7925,1.3211,0.00025234800000000006,1538.212297767443,21.302651166915894
42,3.7696,1.4519,0.00025834200000000006,1320.4077281024602,24.816576957702637
43,3.7067,0.6328,0.00026433600000000005,1231.8124096025062,26.601453065872192
44,3.7182,0.6553,0.00027033000000000005,1451.7691191230842,22.57108211517334
45,3.7472,0.8577,0.00027632400000000005,1471.2944926471434,22.271543979644775
46,3.5941,0.8544,0.00028231800000000004,1366.8633663268656,23.973134994506836
47,3.5599,0.6809,0.00028831200000000004,1366.3853450158713,23.98152184486389
48,3.6117,1.6624,0.00029430600000000004,1536.5051137144299,21.3263201713562
49,3.5329,0.7673,0.00030030000000000004,1381.789640047794,23.714174032211304
50,3.5555,0.6888,0.00030629400000000003,1406.3981006932017,23.299235105514526
51,3.5617,1.3151,0.0003122880000000001,1322.6934882410653,24.773691177368164
52,3.4791,1.1932,0.0003182820000000001,1513.6323428866795,21.64858603477478
53,3.4704,0.7127,0.000324276,1298.0363742141562,25.244284868240356
54,3.4947,0.7053,0.0003302700000000001,1439.4548064462638,22.764174222946167
55,3.5276,0.8316,0.00033626400000000007,1424.7885073511052,22.99850106239319
56,3.4818,0.9749,0.00034225800000000007,1432.2073889604876,22.87936806678772
57,3.4639,1.8141,0.0003482520000000001,1347.3274127201341,24.320740222930908
58,3.4333,0.8268,0.00035424600000000017,1325.1968750185008,24.72689199447632
59,3.3870,0.8901,0.00036024000000000017,1466.6511150949887,22.342055082321167
60,3.3305,0.5499,0.00036623400000000017,31.005991015577067,1056.8280169963837
61,3.3631,0.6732,0.00037222800000000016,34.257376402360585,956.5239210128784
62,3.2925,0.6472,0.00037822200000000016,1111.4812493771929,29.48137903213501
63,3.3256,0.4797,0.0003842160000000001,33.50283006756981,978.0666270256042
64,3.4149,0.5465,0.0003902100000000001,865.5145432897693,37.85956025123596
65,3.3378,0.6449,0.00039620400000000004,1109.4645812803662,29.534967184066772
66,3.3170,0.7606,0.00040219800000000004,1001.0953458581678,32.732146978378296
67,3.3460,0.7320,0.00040819200000000004,1104.6213054781467,29.664464950561523
68,3.2395,1.4549,0.00041418600000000004,963.662451377937,34.003607749938965
69,3.2412,1.0961,0.00042018000000000003,1057.0924120468997,30.998235940933228
70,3.2636,0.8888,0.00042617400000000003,900.3075072179907,36.39645314216614
71,3.3302,0.8678,0.000432168,1048.6919488199028,31.24654483795166
72,3.1954,0.8521,0.00043816199999999997,1047.1866513101488,31.291460752487183
73,3.2322,0.5694,0.0004441559999999999,1609.691633977462,20.356693983078003
74,3.2053,0.5671,0.0004501499999999999,1434.1642530648426,22.84815001487732
75,3.1405,0.6398,0.0004561439999999999,1230.8564693199032,26.62211298942566
76,3.2324,0.4148,0.0004621379999999999,1056.8652384133577,31.00489902496338
77,3.1367,0.4612,0.0004681319999999999,1153.6424609331796,28.403947591781616
78,3.2070,0.6259,0.00047412599999999995,1241.6539801831275,26.390605211257935
79,3.1511,0.6849,0.00048011999999999995,32.864355459030115,997.0680861473083
80,3.2526,0.5966,0.000486114,1513.4600132208523,21.65105104446411
81,3.1829,0.4436,0.000492108,101.29895657292826,323.47815918922424
82,3.2164,0.4395,0.0004981019999999999,1128.8275501725943,29.028348922729492
83,3.1346,0.4640,0.000504096,1135.8118379154746,28.849848985671997
84,3.0899,0.4249,0.0005100899999999999,100.69609406504058,325.41480684280396
85,3.1367,0.4709,0.000516084,1559.40245285299,21.013177156448364
86,3.1919,0.6860,0.000522078,100.37628266477911,326.4516191482544
87,3.0910,0.8781,0.0005280720000000001,101.67928635180684,322.2681941986084
88,3.1393,1.2061,0.000534066,1384.863716009204,23.661534070968628
89,3.1548,0.8815,0.0005400600000000001,1708.9968472970966,19.173821210861206
90,3.1028,0.8813,0.000546054,100.68173899696944,325.46120405197144
91,3.0942,0.4955,0.0005520480000000001,100.030314330247,327.58069610595703
92,3.0695,0.5445,0.000558042,1185.3264052501252,27.64470601081848
93,3.0766,0.4918,0.000564036,99.66148524636692,328.79301285743713
94,3.0673,0.5277,0.00057003,1174.8880862021542,27.890316009521484
95,3.1441,0.4970,0.000576024,101.3871700472943,323.1967120170593
96,3.0818,0.3799,0.000582018,101.04421178378439,324.29368710517883
97,3.0118,0.4965,0.0005880120000000001,1650.5219373677157,19.853113889694214
98,3.0768,0.4658,0.0005940060000000001,1619.9994876406147,20.227166891098022
99,2.9918,0.6161,0.0005999999999999998,100.87275810982509,324.8448898792267
100,3.0952,0.7735,0.000599997918132997,1717.132859444034,19.08297300338745
101,3.0906,0.6222,0.0005999916725640932,101.62426039015175,322.4426910877228
102,3.0562,0.5117,0.0005999812633896027,1502.7461952454144,21.80541205406189
103,3.0500,0.7200,0.0005999666907700483,101.76614066023,321.9931480884552
104,3.1030,0.5056,0.0005999479549301575,1557.6064161542604,21.03740692138672
105,3.1135,0.6948,0.0005999250561588602,102.11241918655999,320.901221036911
106,3.0332,0.4925,0.0005998979948092838,1627.2600320119436,20.136916875839233
107,3.0581,0.5787,0.0005998667712987479,100.404108480908,326.3611469268799
108,3.0095,0.5438,0.0005998313861087573,1510.5830864557884,21.692285776138306
109,3.0359,0.4641,0.0005997918397849958,133.287666448411,245.84420204162598
110,3.0107,0.5855,0.0005997481329373163,1315.8559966170449,24.90242099761963
111,3.0617,0.4752,0.0005997002662397326,1504.1293224867973,21.78536081314087
112,2.9441,0.4585,0.0005996482404304084,1272.728441372694,25.746262073516846
113,3.0314,0.5019,0.000599592056311646,1364.8024932541612,24.009334802627563
114,3.0415,0.3781,0.000599531714749874,1179.665531135532,27.77736496925354
115,2.9980,0.4462,0.000599467216675634,1333.0804509605734,24.58066201210022
116,2.9942,0.4812,0.0005993985630835662,1342.084631599016,24.41574788093567
117,2.9950,0.3979,0.0005993257550323938,1394.4638033492365,23.498637914657593
118,2.9732,0.4672,0.0005992487936449069,1231.2670304725323,26.61323595046997
119,2.9542,0.5254,0.0005991676801079455,1283.5679623778733,25.528839111328125
120,2.9230,0.4503,0.0005990824156723805,1434.4369143795475,22.843806982040405
121,2.9418,0.4371,0.0005989930016530951,1543.6207530338938,21.228012084960938
122,2.9757,0.4527,0.0005988994394289641,1447.3944460764849,22.639302015304565
123,3.0197,0.5795,0.0005988017304428327,1481.8196196912902,22.11335277557373
124,2.9642,0.5865,0.0005986998762014942,1545.5234621446536,21.2018780708313
125,2.9694,0.4292,0.0005985938782756674,1416.306236676364,23.136239290237427
126,3.0363,0.3883,0.000598483738299971,1413.510777788068,23.181995153427124
127,3.0463,0.4690,0.0005983694579728999,1434.2979662963085,22.846019983291626
128,2.9949,0.4286,0.0005982510390567981,1271.6341339363107,25.768418073654175
129,2.8530,0.4119,0.0005981284833778318,1367.7808144808646,23.95705485343933
130,2.9178,0.4327,0.0005980017928259608,1304.458555145494,25.1200008392334
131,2.9344,0.5658,0.0005978709693549107,1413.317034598067,23.18517303466797
132,2.9952,0.4401,0.0005977360149821409,1288.6375364483083,25.428407192230225
133,2.9734,0.4011,0.0005975969317888151,1430.7725762490006,22.90231204032898
134,2.9576,0.4112,0.0005974537219197678,1553.6136433456713,21.091472864151
135,2.9831,0.4110,0.0005973063875834726,1506.7269773374105,21.747802019119263
136,2.8852,0.4533,0.0005971549310520071,1528.8360539217374,21.43329882621765
137,2.9749,0.4165,0.0005969993546610184,1527.7758293818895,21.44817280769348
138,2.9531,0.3619,0.000596839660809687,1436.9252095643408,22.804248809814453
139,2.9725,0.4093,0.0005966758519606896,1307.6381010548782,25.058921098709106
140,2.9707,0.5303,0.0005965079306401611,1158.2993409442315,28.289751052856445
141,2.9544,0.6786,0.0005963358994376562,1605.4397519978527,20.41060709953308
142,2.8764,0.4925,0.0005961597610061088,101.67540886438945,322.2804841995239
143,2.8959,0.4139,0.0005959795180617913,1572.5689513576372,20.837242126464844
144,2.8473,0.5197,0.0005957951733842732,102.21888277292929,320.56699419021606
145,2.9006,0.5351,0.0005956067298163773,1436.1478713162,22.81659197807312
146,2.9577,0.5471,0.0005954141902641363,101.52329242390681,322.76337003707886
147,2.9073,0.5995,0.0005952175576967487,1350.0753924420762,24.27123713493347
148,2.9600,0.5337,0.0005950168351465317,102.61752699771291,319.3216691017151
149,2.9410,0.3921,0.0005948120257088753,1392.9960334784578,23.52339792251587
150,2.8901,0.4353,0.0005946031325421942,1487.5909355276708,22.02756094932556
151,2.8809,0.4813,0.0005943901588678798,1458.4372305016898,22.46788501739502
152,2.8570,0.4327,0.0005941731079702494,1373.5427044364337,23.8565571308136
153,2.9190,0.3464,0.0005939519831964966,99.49402146702364,329.34642219543457
154,2.7990,0.3748,0.0005937267879566387,99.96599266320689,327.7914731502533
155,2.9228,0.3481,0.0005934975257234649,1199.2873040615416,27.32289409637451
156,2.8875,0.4114,0.0005932642000324826,1484.9905144968386,22.066134214401245
157,2.9343,0.4644,0.0005930268144818626,1331.8196380374654,24.60393214225769
158,2.9379,0.4272,0.0005927853727323836,1474.4710249003406,22.223563194274902
159,2.8803,0.3615,0.000592539878507376,101.6508109956342,322.35847091674805
160,2.8933,0.5345,0.0005922903355926646,1579.796799985949,20.741908073425293
161,2.8950,0.6289,0.0005920367478365097,1304.8072437556086,25.113287925720215
162,2.8416,0.6056,0.0005917791191495485,100.33627228547977,326.5817959308624
163,2.8633,0.4796,0.0005915174535047337,1359.8006415767159,24.097650051116943
164,2.8666,0.3953,0.0005912517549372736,1520.2484327849293,21.55437183380127
165,2.8656,0.4705,0.0005909820275445685,102.04315190068296,321.11905002593994
166,2.8767,0.6483,0.0005907082754861486,1689.1075083452859,19.39959406852722
167,2.8394,0.4971,0.000590430502983609,101.58253075464471,322.57514905929565
168,2.7838,0.4347,0.0005901487143205458,1655.0091051722463,19.79928684234619
169,2.9482,0.4210,0.0005898629138424885,1558.4445297982045,21.026093244552612
170,2.8798,0.4017,0.0005895731059568339,102.63014906123371,319.28239703178406
171,2.8904,0.3628,0.0005892792951327785,1393.071247024662,23.522127866744995
172,2.8628,0.4769,0.0005889814859012484,101.36256842048513,323.27515482902527
173,2.7797,0.4637,0.0005886796828548303,1597.101896539244,20.517163038253784
174,2.8347,0.4307,0.0005883738906477007,1436.8730964488232,22.805075883865356
175,2.8661,0.4447,0.0005880641139955534,1402.9312449641745,23.356811046600342
176,2.8132,0.6537,0.0005877503576755278,1349.2348719986621,24.286357164382935
177,2.8802,0.7033,0.0005874326265261345,100.12503804665677,327.2707870006561
178,2.8365,0.4564,0.000587110925447181,1603.8397208588133,20.43096923828125
179,2.8179,0.4930,0.0005867852593996958,102.23246183202792,320.52441477775574
180,2.8287,0.4471,0.0005864556334058521,1665.699406401003,19.67221689224243
181,2.8402,0.5370,0.0005861220525488907,99.68341084577781,328.720694065094
182,2.8907,0.4023,0.000585784521973041,1226.9960238562553,26.705873012542725
183,2.8197,0.4266,0.000585443046883442,1604.397893940904,20.423861265182495
184,2.8370,0.3930,0.0005850976325460619,1390.097159994908,23.572453022003174
185,2.7503,0.3775,0.000584748284287617,101.42916753652828,323.0628900527954
186,2.7732,0.5512,0.00058439500749549,1325.0897047632536,24.728891849517822
187,2.8504,0.8037,0.0005840378076176459,101.88885983218816,321.6053261756897
188,2.8323,0.6309,0.0005836766901625484,1148.8376524978871,28.52274203300476
189,2.8376,0.5039,0.0005833116606990757,1093.289542065777,29.97193217277527
190,2.8219,0.6484,0.0005829427248564337,101.67746311057843,322.27397298812866
191,2.8460,0.4018,0.0005825698883240695,1368.3272838384096,23.947487115859985
192,2.8604,0.5381,0.0005821931568515833,102.40846185031245,319.9735589027405
193,2.7657,0.3687,0.0005818125362486409,1336.105372620354,24.525011777877808
194,2.7766,0.4502,0.0005814280323848825,101.58630257282064,322.5631721019745
195,2.8087,0.4089,0.0005810396511898334,1502.4037054209903,21.810382843017578
196,2.7997,0.3962,0.0005806473986528123,516.1467722892869,63.48581790924072
197,2.7724,0.3745,0.0005802512808228382,1534.4912981042235,21.354308128356934
198,2.7859,0.4283,0.0005798513038085386,102.03001709880657,321.1603891849518
199,2.7904,0.4103,0.0005794474737780533,1437.1306492727363,22.800988912582397
200,2.8273,0.3786,0.0005790397969589411,102.00021682632612,321.2542190551758
201,2.7861,0.5161,0.000578628279638083,1140.1069980978964,28.741162061691284
202,2.7314,0.5530,0.000578212928161585,1556.7903287062531,21.04843497276306
203,2.8457,0.6626,0.0005777937489346808,1508.4718336508165,21.722646236419678
204,2.7612,0.7933,0.0005773707484216328,101.18791174439755,323.8331480026245
205,2.7664,0.5670,0.0005769439331456318,1320.8806338260924,24.807692050933838
206,2.7719,0.5265,0.0005765133096886975,100.68904083079828,325.43760204315186
207,2.7653,0.5776,0.0005760788846915763,1316.5853297864448,24.888626098632812
208,2.7196,0.4901,0.0005756406648536392,1285.618610982718,25.488118886947632
209,2.6854,0.7380,0.0005751986569327782,1527.6964049308422,21.44928789138794
210,2.8191,0.8693,0.000574752867745302,1437.054314343533,22.802200078964233
211,2.8002,0.7788,0.0005743033041658316,1418.5668411872912,23.099369764328003
212,2.7595,0.5023,0.0005738499731271934,1659.9696511177149,19.74011993408203
213,2.7710,0.7357,0.0005733928816203128,1573.5120569046926,20.824753046035767
214,2.8159,0.9314,0.0005729320366941065,1601.7448881584537,20.45768976211548
215,2.7284,0.6204,0.0005724674454553728,1437.3629496778055,22.797303915023804
216,2.7330,0.5334,0.0005719991150686839,1387.0160410676133,23.62481689453125
217,2.7606,0.4555,0.0005715270527562734,1551.5615927284853,21.119367837905884
218,2.6951,0.7177,0.0005710512657979264,1320.9696540088476,24.806020259857178
219,2.7132,0.6582,0.0005705717615308661,1338.952079179277,24.472869873046875
220,2.7266,0.4443,0.0005700885473496416,1301.1131576619023,25.18458890914917
221,2.6993,0.5117,0.0005696016307060133,1336.7522849408008,24.513143062591553
222,2.7089,0.6896,0.0005691110191088382,1364.757119910386,24.010133028030396
223,2.6890,0.4780,0.000568616720123954,1378.355822517084,23.77325177192688
224,2.7646,0.8474,0.0005681187413740627,1191.0105357833409,27.512770891189575
225,2.7467,0.5611,0.0005676170905386125,1172.7613343651049,27.94089388847351
226,2.7101,0.4952,0.0005671117753536798,1136.603482163116,28.829755067825317
227,2.6636,0.5579,0.0005666028036118501,1210.774661024341,27.06366515159607
228,2.6814,0.4567,0.000566090183162097,1213.2824103246246,27.007726907730103
229,2.6824,0.5386,0.0005655739219096621,1194.2749778248456,27.437567234039307
230,2.6790,0.5857,0.0005650540278159327,1260.7536132483904,25.990803956985474
231,2.6092,0.6179,0.0005645305088983186,1178.1923900982188,27.812096118927002
232,2.7176,0.5545,0.0005640033732301293,1163.2348028148804,28.169721126556396
233,2.6740,0.5973,0.000563472628940449,1159.5375471223904,28.259541988372803
234,2.6869,0.6215,0.0005629382842140109,1155.110205378881,28.3678560256958
235,2.6961,0.4469,0.0005624003472910718,1105.527314860832,29.640154123306274
236,2.6967,0.4609,0.0005618588264672847,1101.0396417825486,29.760962963104248
237,2.6132,0.4875,0.0005613137300935706,1284.2105011208055,25.516066074371338
238,2.6296,0.4316,0.0005607650665759895,1252.4289435215765,26.163560152053833
239,2.6190,0.4899,0.000560212844375612,1153.2438513002567,28.41376519203186
240,2.6561,0.4572,0.0005596570720083874,1167.2689177394939,28.072365760803223
241,2.6850,0.4868,0.0005590977580450132,100.30122325213419,326.6959159374237
242,2.6461,0.5561,0.0005585349111108025,1537.2163650857613,21.316452741622925
243,2.6717,0.6614,0.0005579685398855515,102.40070534238285,319.9977958202362
244,2.6553,0.6286,0.0005573986531034049,1498.5556771590605,21.866388082504272
245,2.6319,0.5269,0.0005568252595527219,101.88119097012479,321.62953424453735
246,2.6355,0.5814,0.0005562483680759405,1523.0584029303407,21.514605045318604
247,2.5910,0.7377,0.0005556679875694406,434.931058620669,75.34067606925964
248,2.6389,0.5077,0.0005550841269834079,909.1983402902464,36.04054093360901
249,2.5981,0.5170,0.0005544967953216948,1242.8616386586302,26.364962100982666
250,2.6352,0.4630,0.0005539060016416821,1168.947313270578,28.03205895423889
251,2.6087,0.4813,0.0005533117550541391,1130.4386754967672,28.986977100372314
252,2.5971,0.4472,0.0005527140647230836,1228.9029798209267,26.664432048797607
253,2.4987,0.4527,0.0005521129398656397,1161.7916044279102,28.204714059829712
254,2.6211,0.4380,0.0005515083897518964,1263.363716359008,25.93710708618164
255,2.6251,0.4950,0.000550900423704764,1393.6451959171402,23.51244068145752
256,2.6675,0.4609,0.0005502890510998314,1510.9979198334302,21.686330318450928
257,2.6311,0.4596,0.0005496742813652204,1312.0817257481053,24.974054098129272
258,2.5094,0.5301,0.0005490561239814406,1274.4260766325726,25.711966037750244
259,2.5523,0.5287,0.0005484345884812438,71.75033246801273,456.6947479248047
260,2.5177,0.4819,0.0005478096844494761,1187.1065485472836,27.603250980377197
261,2.5881,0.5261,0.0005471814215229308,1160.0233552021853,28.24770712852478
262,2.5309,0.4942,0.0005465498093901995,1240.1386142646604,26.422852754592896
263,2.6368,0.4872,0.0005459148577915225,1105.859073071104,29.631262063980103
264,2.6148,0.4944,0.000545276576518639,1178.2214182944888,27.811410903930664
265,2.6272,0.5925,0.0005446349754146358,1451.4496069629558,22.576050758361816
266,2.5359,0.5788,0.0005439900643737956,1394.4162666389323,23.499439001083374
267,2.5752,0.4273,0.0005433418533414445,1408.4980473901508,23.264497995376587
268,2.5357,0.4906,0.0005426903523137984,1306.7346671312912,25.0762460231781
269,2.5389,0.4577,0.0005420355713378093,1097.1954131485902,29.865236043930054
270,2.4275,0.4978,0.0005413775205110096,1359.18640950395,24.108540058135986
271,2.5409,0.6785,0.0005407162099813572,1376.9473659164,23.797569036483765
272,2.5392,0.6323,0.0005400516499470785,1387.0350640471647,23.62449288368225
273,2.4698,0.4851,0.0005393838506565114,1420.0910908164983,23.074576139450073
274,2.4899,0.5282,0.0005387128224079471,1582.5901035893944,20.70529818534851
275,2.5593,0.5706,0.0005380385755494712,1405.8968500234103,23.307542085647583
276,2.5824,0.6243,0.0005373611204788043,1603.0442942449863,20.441107034683228
277,2.5310,0.5103,0.0005366804676431419,1502.075473091256,21.81514883041382
278,2.5693,0.5861,0.0005359966275389924,1395.0195724137043,23.48927617073059
279,2.5426,0.5735,0.0005353096107120164,1342.0719325957598,24.41597890853882
280,2.4566,0.4517,0.0005346194277568632,1235.4326755392274,26.52350115776062
281,2.4239,0.4732,0.0005339260893170077,1440.0772923365018,22.754334211349487
282,2.4619,0.4847,0.0005332296060845862,1481.0854174887647,22.124314785003662
283,2.5203,0.5208,0.0005325299888002321,1488.6916519279403,22.011274099349976
284,2.4710,0.5356,0.0005318272482529092,1437.9438789373444,22.78809380531311
285,2.4801,0.5454,0.0005311213952797461,1394.526582239128,23.49758005142212
286,2.4663,0.5011,0.0005304124407658686,1398.1703714089235,23.43634271621704
287,2.4788,0.4673,0.0005297003956442327,1590.3345233740745,20.604470014572144
288,2.4744,0.5539,0.0005289852708954548,1400.8959000538784,23.390745878219604
289,2.5774,0.6602,0.0005282670775476431,1274.7752089876492,25.7049241065979
290,2.4450,0.6354,0.0005275458266762276,11.166761662036441,2934.4227979183197
291,2.4293,0.5300,0.000526821529403789,16.827652632553157,1947.271001815796
292,2.4868,0.6144,0.0005260941968998873,64.96456557835377,504.39804697036743
293,2.4479,0.8446,0.0005253638403808893,1168.7624385260845,28.036493062973022
294,2.4535,0.6450,0.000524630471109796,1472.5679993451395,22.252283096313477
295,2.4907,0.5750,0.000523894100396069,1371.4240496405005,23.893412113189697
296,2.4205,0.5735,0.0005231547395954554,1433.9621141486773,22.851370811462402
297,2.4097,0.5387,0.0005224124001098133,1478.7792376996376,22.158818006515503
298,2.4346,0.5305,0.0005216670933869362,1495.3034338766815,21.913946866989136
299,2.4430,0.4937,0.0005209188309203757,1482.082191572832,22.109435081481934
300,2.4066,0.5662,0.0005201676242492645,1385.6211860672954,23.64859914779663
301,2.3844,0.4960,0.0005194134849581388,1414.1776782495326,23.17106294631958
302,2.3766,0.5368,0.0005186564246767594,1441.3990977238589,22.73346781730652
303,2.3666,0.5504,0.0005178964550799324,1336.2912173311913,24.52160096168518
304,2.3785,0.5830,0.0005171335878873292,1413.0643281973819,23.189319372177124
305,2.4205,0.7447,0.0005163678348633055,1409.1294368345282,23.25407385826111
306,2.3643,0.7140,0.0005155992078167203,1380.4172092893948,23.737751007080078
307,2.4397,0.7874,0.0005148277186007534,1377.5614802331552,23.786960124969482
308,2.3521,0.6868,0.000514053379112723,1447.1027124980276,22.643866062164307
309,2.3825,0.6067,0.0005132762012939017,1512.5133587783948,21.664602041244507
310,2.3799,0.5568,0.000512496197129333,1531.892690144535,21.39053225517273
311,2.3744,0.5664,0.0005117133786476461,1241.4690668247492,26.394536018371582
312,2.3214,0.6392,0.0005109277579208704,1549.0364728396353,21.15379500389099
313,2.3130,0.5642,0.0005101393470642492,1378.7612695907803,23.766260862350464
314,2.3052,0.5698,0.0005093481582360533,1358.0619899941373,24.128500938415527
315,2.3453,0.5636,0.0005085542036373932,1358.4426944235997,24.12173891067505
316,2.3428,0.6366,0.0005077574955120311,1231.6396316871208,26.60518479347229
317,2.3187,0.7353,0.0005069580461461915,1268.5868890565152,25.830315828323364
318,4.4572,0.7327,0.000506155867868373,1378.5750125297916,23.769471883773804
319,2.2902,0.5659,0.0005053509730491568,1424.2304803809307,23.007512092590332
320,2.2765,0.6048,0.0005045433741010165,1290.241796871399,25.396790027618408
321,2.3150,0.5558,0.0005037330834781274,1400.6797901361308,23.394354820251465
322,2.3272,0.6188,0.000502920113676173,1347.1212148585307,24.324462890625
323,2.3033,0.5867,0.0005021044772321533,1525.969163752205,21.47356629371643
324,2.2315,0.7413,0.0005012861867241913,1515.620693933498,21.620185136795044
325,2.1849,0.7835,0.000500465254771339,1614.8022458094335,20.29226803779602
326,2.2643,0.7814,0.0004996416940333826,1316.7939421192225,24.88468313217163
327,2.2431,0.7610,0.0004988155172106474,1491.1503175483244,21.97498106956482
328,2.2658,0.6103,0.0004979867370438021,1408.7056754082282,23.26106905937195
329,2.3247,0.6515,0.0004971553663136621,1253.719691428628,26.136623859405518
330,2.2169,0.6429,0.0004963214178409926,1333.0899417433125,24.58048701286316
331,2.2706,0.7169,0.0004954849044863106,1546.9506934188373,21.18231701850891
332,2.2747,0.6976,0.000494645839149687,1565.585327783938,20.930191040039062
333,2.2172,0.6838,0.0004938042347705469,1318.082449638826,24.86035680770874
334,2.1602,0.6054,0.0004929601043274713,1404.5742712266856,23.32948899269104
335,2.1694,0.6803,0.0004921134608379958,1400.895600192115,23.390750885009766
336,2.1964,0.7286,0.0004912643173584101,1514.5406928302846,21.635602235794067
337,2.1736,0.6818,0.0004904126869835574,1499.0452345470126,21.859246969223022
338,2.1872,0.6724,0.0004895585828466314,1308.9734678562709,25.03335690498352
339,2.1439,0.7243,0.0004887020181189747,1306.5844397461299,25.079129219055176
340,2.2219,0.8488,0.00048784300600987474,1309.872086376124,25.016183137893677
341,2.1625,0.8310,0.0004869815597663611,1390.621550866271,23.56356406211853
342,2.1691,0.6834,0.00048611769267300044,1516.5760795620583,21.606565237045288
343,2.1868,0.7293,0.0004852514180516921,1446.8863694865342,22.647251844406128
344,2.0714,0.6290,0.0004843827492614621,1269.7585480119142,25.80648112297058
345,2.0469,0.6195,0.0004835116996982581,1486.7245217054292,22.040397882461548
346,2.1392,0.6580,0.0004826382827947417,1346.0359470529438,24.344074964523315
347,2.0643,0.6738,0.0004817625120200821,1445.4309785203682,22.670055150985718
348,2.1028,0.7567,0.00048088440087974796,1424.476478075317,23.003538846969604
349,2.0556,0.7206,0.0004800039629152994,1431.1169050961614,22.896801710128784
350,2.0881,0.8058,0.0004791212117041789,1395.331578008274,23.484023809432983
351,2.0898,0.6911,0.00047823616085950236,1563.3789242926966,20.95972990989685
352,2.1470,0.7668,0.0004773488240298484,32.702711492041345,1001.9964249134064
353,2.1250,0.7639,0.0004764592148990488,52.5439673068579,623.6301078796387
354,2.0589,0.9294,0.00047556734718597673,1300.1841506912797,25.20258378982544
355,1.9892,0.9210,0.00047467323464433575,1416.5302617754253,23.132580280303955
356,1.9984,0.8826,0.00047377689106244727,1408.7597796184364,23.260175704956055
357,1.9849,0.7178,0.00047287833026303814,1404.2436565614403,23.334981679916382
358,1.9803,0.7985,0.00047197756610302746,1387.5782859427084,23.615244150161743
359,1.9987,0.9087,0.0004710746124733128,1479.861609834229,22.142611026763916
360,1.9906,0.9770,0.00047016948329855633,1624.5730155681829,20.170222997665405
361,1.9541,0.8521,0.0004692621925369694,1539.24549822141,21.288352012634277
362,2.0320,0.7765,0.000468352754180098,1430.2207176207905,22.91114902496338
363,2.0376,0.8035,0.00046744118225260675,1423.6816060178933,23.016382217407227
364,2.0032,0.7903,0.0004665274908120623,1464.0510829037914,22.38173270225525
365,2.0046,0.7545,0.00046561169394871706,1491.2186740191771,21.973973751068115
366,1.9164,0.7623,0.00046469380578529143,1437.9816713904158,22.787494897842407
367,1.8670,0.9924,0.0004637738404767565,1383.9130012336393,23.677788972854614
368,1.8858,1.4709,0.00046285181221011526,1389.9665563247581,23.574667930603027
369,1.8788,0.8382,0.0004619277352041843,1401.1828980491805,23.38595485687256
370,1.8792,0.9465,0.000461001623709374,1532.714292319435,21.379065990447998
371,1.8684,0.9081,0.0004600734920074695,1524.1708733652106,21.498901844024658
372,1.8726,1.0308,0.0004591433544114097,1419.8371738082883,23.078702688217163
373,1.9408,1.0016,0.00045821122526506683,1443.851785846785,22.694850206375122
374,1.9401,0.9741,0.00045727711894302564,1436.0853706591315,22.817584991455078
375,1.8859,0.8914,0.00045634104985036117,1538.188695511819,21.302978038787842
376,1.8022,0.8192,0.0004554030324224166,1336.630303399981,24.515380144119263
377,1.8078,0.7976,0.0004544630811245812,1360.9489256160196,24.07731795310974
378,1.7836,1.0461,0.00045352121045206666,1512.9713398400036,21.65804409980774
379,1.8102,1.0648,0.00045257743492968397,1420.458777076345,23.06860327720642
380,1.8054,1.0487,0.0004516317691116192,1465.9765204537014,22.352336168289185
381,1.7472,0.9282,0.00045068422758120906,32.73839712702904,1000.9042248725891
382,1.7412,0.9421,0.000449734824950716,1355.5315425636397,24.173542976379395
383,1.8230,1.1056,0.0004487835758611033,35.34752355280344,927.0239243507385
384,1.8213,0.9564,0.00044783049498180855,1478.0078465349884,22.170382976531982
385,1.8301,0.9304,0.000446875597010518,33.33228380270307,983.0709528923035
386,1.7750,0.8286,0.0004459188966729395,1114.9829980591085,29.38878893852234
387,1.6296,0.7843,0.0004449604087225758,33.189225709180555,987.3083598613739
388,1.6488,0.8067,0.0004440001479404968,1379.0966813035923,23.760480642318726
389,1.6549,0.8423,0.0004430381291351117,1217.0035235283,26.925148010253906
390,1.6549,0.8049,0.0004420743671419406,32.04085259208526,1022.6943838596344
391,1.6826,0.9877,0.0004411088768233855,1672.1146680344111,19.596742153167725
392,1.6513,0.9844,0.00044014167306850155,1554.1947443233491,21.083586931228638
393,1.6956,1.0228,0.0004391727707927672,1368.400320198555,23.946208953857422
394,1.6733,1.0675,0.0004382021849378541,32.399263746207296,1011.381007194519
395,1.6939,0.9583,0.00043722993047139684,1147.9142973555483,28.545685052871704
396,1.7221,0.8582,0.000436256022386762,1205.919176793151,27.1726336479187
397,1.6240,0.9335,0.0004352804757028169,32.92188071739153,995.3258831501007
398,1.5592,0.8592,0.00043430330546369837,1143.1931762226486,28.663572072982788
399,1.5560,0.9112,0.00043332452673858023,33.33863495536248,982.8836736679077
400,1.5279,0.8935,0.0004323441546214413,1284.7998381498846,25.504361867904663
401,1.5340,1.1266,0.00043136220423083235,29.954291572000884,1093.9333992004395
402,1.5483,1.1275,0.0004303786907096432,1534.2021400161889,21.358332872390747
403,1.5598,1.0003,0.000429393629224869,34.777831951433775,942.2093949317932
404,1.5442,1.2026,0.0004284070349673762,33.4594188501664,979.3355989456177
405,1.5637,1.1799,0.00042741892315166914,1624.0419771727252,20.176818370819092
406,1.5623,0.9340,0.0004264293090156541,1565.4003597373,20.932664155960083
407,1.5351,1.0022,0.00042543820782040524,32.5207549142344,1007.6026859283447
408,1.5454,1.0193,0.00042444563484992916,1239.538694658593,26.435641050338745
409,1.4374,1.0443,0.0004234516054109289,1265.3169954108434,25.89706778526306
410,1.4251,0.9847,0.00042245613483256805,32.02933455228749,1023.0621540546417
411,1.4380,1.1007,0.0004214592384662345,1343.4650253382033,24.390661001205444
412,1.4270,1.2438,0.00042046093168530323,1372.70677466614,23.871084928512573
413,1.4374,1.1722,0.00041946122988489995,1533.7151291492492,21.36511492729187
414,1.4581,1.0846,0.00041846014848166295,34.69057997486172,944.5791919231415
415,1.4798,0.9910,0.0004174577029135061,31.651978518062354,1035.2591381072998
416,1.4567,1.0196,0.0004164539086393799,1238.9575487579123,26.44804096221924
417,1.4127,1.0378,0.00041544878113903395,1246.1241108083323,26.295936107635498
418,1.4129,1.0102,0.0004144423359127777,901.4978784137982,36.34839391708374
419,1.3431,1.2583,0.0004134345884812415,1012.4004938937362,32.36663770675659
420,1.3233,0.9183,0.00041242555438513747,1169.2481007251613,28.024847745895386
421,1.3220,1.1256,0.00041141524918501956,1333.1537171017153,24.57931113243103
422,1.3658,1.1062,0.0004104036884610437,1148.7483610276795,28.524959087371826
423,1.3426,1.1692,0.0004093908878127277,1139.2147661394513,28.76367211341858
424,1.3182,1.1533,0.0004083768628587105,1139.4371594543852,28.758058071136475
425,1.3391,1.0820,0.00040736162923651117,1020.0409399339153,32.12420082092285
426,1.3351,0.9606,0.0004063452026022881,33.290804919874596,984.2958161830902
427,1.2932,0.9355,0.0004053275986305975,1170.713236081224,27.98977494239807
428,1.3170,1.0860,0.00040430883301415123,1441.7874006396721,22.72734522819519
429,1.3188,1.0559,0.00040328892146357565,1361.9556828890757,24.05952000617981
430,1.2128,1.0050,0.0004022678797071682,1115.5602380005503,29.373581886291504
431,1.1917,1.0308,0.00040124572349065605,98.45622809402538,332.8179500102997
432,1.1968,1.0327,0.0004002224685769527,100.70605430071788,325.3826220035553
433,1.2478,1.1341,0.0003991981307459144,1331.7851549456714,24.60456919670105
434,1.2192,0.9986,0.000398172725794098,100.60282549842239,325.7164978981018
435,1.2263,1.1883,0.0003971462695345161,1291.317285875433,25.375638008117676
436,1.2427,1.0198,0.00039611877779639423,100.04292836019042,327.53939270973206
437,1.2198,0.9745,0.0003950902664249258,1424.590538237912,23.001697063446045
438,1.2022,1.0747,0.00039406075128102866,100.81104502199807,325.0437488555908
439,1.2696,1.1436,0.0003930302482410998,1365.7931506820182,23.991919994354248
440,1.1912,1.1167,0.000391998773196771,100.32011138163132,326.6344060897827
441,1.1421,0.9786,0.0003909663420546633,101.39465176144493,323.1728639602661
442,1.1070,1.0009,0.0003899329707361422,1431.1876477068959,22.89566993713379
443,1.1065,1.0091,0.0003888986751770718,1626.3691913156051,20.14794683456421
444,1.1014,1.0327,0.0003878634713275689,101.80210796498558,321.87938594818115
445,1.1469,1.1808,0.0003868273751517578,1553.4865744518122,21.09319806098938
446,1.1255,1.2316,0.0003857904026275229,100.87673202893299,324.832093000412
447,1.1249,1.0708,0.0003847525697462636,1588.9211567711563,20.622797966003418
448,1.1211,1.1058,0.00038371389251264657,102.10000848348774,320.9402279853821
449,1.1009,1.0643,0.00038267438694435986,1486.1841079514224,22.048412322998047
450,1.0849,1.0151,0.0003816340690718651,100.50261339826234,326.04127287864685
451,1.0658,1.1184,0.00038059295493815087,1285.9530997806153,25.481489181518555
452,1.0227,1.0924,0.000379551060598485,99.96413510015711,327.7975642681122
453,1.0178,1.1191,0.0003785084021201671,101.14861833144028,323.958948135376
454,1.0176,1.3668,0.00037746499558228083,1266.1274462233284,25.880491018295288
455,1.0172,1.1951,0.0003764208570754456,97.60797809940392,335.7102630138397
456,1.0311,1.0773,0.0003753760027015691,936.1434643699408,35.00318193435669
457,1.0121,1.0750,0.00037433044857359805,98.55231941760115,332.49344301223755
458,1.0138,1.1574,0.0003732842108152707,1075.9214475230465,30.45575499534607
459,0.9979,1.1412,0.00037223730556086733,98.86812021730998,331.43140506744385
460,1.0107,1.0574,0.00037118974895496224,99.24291210700177,330.17975091934204
461,1.0085,1.1060,0.0003701415571521742,1275.9603340794843,25.68104910850525
462,0.9597,1.0837,0.0003690927463169173,101.43500350182218,323.04430294036865
463,0.9070,1.1594,0.0003680433326231523,1271.838370691572,25.764280080795288
464,0.9260,1.1901,0.0003669933322541363,100.51476675737538,326.00185084342957
465,0.9020,1.1965,0.0003659427614021741,1289.3061705299194,25.415220022201538
466,0.9372,1.0946,0.00036489163626836764,98.92714698361922,331.23365020751953
467,0.9549,1.1773,0.0003638399730623671,1101.270100632046,29.754734992980957
468,0.9547,1.1000,0.0003627877880021197,1195.2445174784448,27.415310859680176
469,0.9172,1.1871,0.000361735097313621,1379.0265528748382,23.761688947677612
470,0.9207,1.3035,0.0003606819172306635,1493.9377824959595,21.933979034423828
471,0.9459,1.1175,0.000359628263994587,1486.115714106529,22.049427032470703
472,0.9335,1.0449,0.0003585741538540278,1346.9120705310625,24.328239917755127
473,0.8295,1.0567,0.00035751960306466823,1239.9869745521953,26.42608404159546
474,0.8283,1.0887,0.00035646462788898616,1535.0609058480804,21.346384286880493
475,0.8446,1.0557,0.0003554092445960036,1295.92695065152,25.285375833511353
476,0.8289,1.0785,0.00035435346946103674,1330.2715316646622,24.632565021514893
477,0.8240,1.0193,0.00035329731876544403,1389.4308039943326,23.583758115768433
478,0.8271,1.1257,0.0003522408087963758,1623.8846500957413,20.178773164749146
479,0.8379,1.1700,0.00035118395584652284,1435.7140053891708,22.823487043380737
480,0.8674,1.1859,0.00035012677621386486,1531.7493464354475,21.392534017562866
481,0.8476,1.1130,0.00034906928620141963,1239.7029610842785,26.432138204574585
482,0.8576,1.2431,0.0003480115021169914,1329.2987507079001,24.650591135025024
483,0.8376,1.2477,0.0003469534402729192,1294.2848111045962,25.3174569606781
484,1.4301,1.0646,0.0003458951169858256,1247.3546352887065,26.269994974136353
485,0.8137,1.6446,0.00034483654857636495,1348.327999450776,24.30269193649292
486,0.7697,1.1755,0.00034377775136897146,1237.6425013777477,26.47614312171936
487,0.7582,1.0332,0.00034271874169160797,1122.177531143603,29.20037078857422
488,0.7718,1.2076,0.00034165953587551385,1300.0118034100826,25.20592498779297
489,0.7789,1.1339,0.000340600150254953,1198.0471636509933,27.351176977157593
490,0.7565,2694.2678,0.0003395406011669622,1282.3442254985903,25.55320119857788
491,0.8933,2.3076,0.000338480904951099,1325.9340824950102,24.713144063949585
492,0.8550,1.3361,0.00033742107794919025,1287.144451120069,25.45790410041809
493,0.8380,1.2962,0.00033636113650507913,1338.7201398264092,24.477109909057617
494,0.7789,1.3211,0.000335301096964374,1230.062632735164,26.639293909072876
495,0.7559,1.2409,0.0003342409756741959,1229.5660448886454,26.650052785873413
496,0.7353,1.1024,0.00033318078898292655,1191.6851466873359,27.497195959091187
497,0.7138,1.1700,0.00033212055323995633,1049.279103136821,31.22905993461609
498,0.7238,1.2415,0.0003310602847954319,1210.906170365452,27.060725927352905
499,0.7018,1.1315,0.0003300000000000043,1266.5774956881296,25.87129497528076
500,0.7286,1.1999,0.00032893971520457665,1288.4507340226792,25.432093858718872
501,0.7186,1.1537,0.00032787944676005223,1229.8821239925342,26.643203735351562
502,0.7341,1.1751,0.00032681921101708196,100.19627528999781,327.0381050109863
503,0.7164,1.3080,0.00032575902432581264,1377.9564438727868,23.780142068862915
504,0.7078,1.0684,0.00032469890303563455,101.65315145430341,322.3510489463806
505,0.6472,1.0992,0.0003236388634949294,1156.6753177729581,28.329471111297607
506,0.6379,1.0293,0.0003225789220508183,99.57753458041877,329.0702078342438
507,0.6520,1.1868,0.0003215190950489095,1201.0017209391656,27.283890962600708
508,0.6453,1.2462,0.0003204593988330464,1094.126390201495,29.949007987976074
509,0.6490,1.0397,0.00031939984974505557,99.9888076809752,327.7166790962219
510,0.6331,1.1584,0.0003183404641244947,1489.7774944654573,21.99523091316223
511,0.6181,1.1237,0.00031728125830840053,1397.2161767594396,23.452347993850708
512,0.6571,1.1022,0.0003162222486310371,100.84436932808975,324.9363372325897
513,0.6257,1.0598,0.00031516345142364367,1490.12292699191,21.990132093429565
514,0.6536,1.0572,0.0003141048830141829,101.5471156096862,322.68764901161194
515,0.6097,1.0672,0.0003130465597270893,1371.8235935611876,23.88645315170288
516,0.5558,1.0537,0.0003119884978830171,1444.3081150494331,22.687679767608643
517,0.5910,1.2019,0.0003109307137985889,1327.9714095936383,24.675230026245117
518,0.5563,1.1607,0.0003098732237861437,1483.5584758621935,22.08743405342102
519,0.5754,1.1117,0.0003088160441534857,99.83505304177822,328.2213912010193
520,0.5736,1.1129,0.0003077591912036327,1122.407657498354,29.1943838596344
521,0.5675,0.9978,0.0003067026812345645,1292.114784777813,25.359976053237915
522,0.5565,1.0640,0.0003056465305389718,100.86194080985682,324.8797290325165
523,0.5654,1.1786,0.0003045907554040049,1528.4614950604705,21.43855118751526
524,0.5786,1.1935,0.0003035353721110224,101.18021559356508,323.8577799797058
525,0.5859,1.1610,0.0003024803969353402,1316.2887973019629,24.894232988357544
526,0.5471,1.1407,0.00030142584614598067,100.04595311584116,327.5294899940491
527,0.5074,1.0953,0.00030037173600542145,1344.834523300135,24.3658230304718
528,0.5334,1.2012,0.000299318082769345,101.26814931935795,323.57656598091125
529,0.5042,1.0688,0.00029826490268638757,1328.0576280905343,24.673628091812134
530,0.5170,1.1445,0.00029721221199788885,1573.7261563271131,20.821919918060303
531,0.5027,1.2875,0.0002961600269376415,1551.9913550351798,21.1135196685791
532,0.5085,1.2788,0.0002951083637316408,1522.4779841848072,21.522807121276855
533,0.5136,1.0709,0.00029405723859783454,100.75577440219155,325.2220549583435
534,0.5287,1.1892,0.0002930066677458722,100.80840445598047,325.0522630214691
535,0.5261,1.1675,0.0002919566673768563,1086.4587128909252,30.160372972488403
536,0.5272,1.1319,0.00029090725368309116,100.80687738153844,325.0571870803833
537,0.4800,0.9699,0.00028985844284783435,1433.549125340627,22.857954025268555
538,0.4699,0.9798,0.0002888102510450462,1394.1870889765635,23.503301858901978
539,0.4368,1.2836,0.0002877626944391412,1436.834896586199,22.80568218231201
540,0.4446,1.0460,0.00028671578918473795,101.36959954942463,323.2527320384979
541,0.4512,1.0602,0.0002856695514264105,1617.0115602500284,20.264542818069458
542,0.4341,1.0731,0.00028462399729843954,101.70034411717438,322.2014663219452
543,0.4502,1.0752,0.00028357914292456287,1292.8237461172075,25.34606909751892
544,0.4826,1.3301,0.0002825350044177278,1480.9476580364963,22.126372814178467
545,0.4384,1.0147,0.0002814915978798414,1547.094353921488,21.180350065231323
546,0.4470,1.1136,0.0002804489394015237,101.86963041832479,321.6660339832306
547,0.4668,1.1258,0.00027940704506185775,1119.6934117924166,29.265153884887695
548,0.4369,1.0702,0.00027836593092814353,100.29831706016628,326.70538210868835
549,0.4015,0.9030,0.00027732561305564876,1470.9332217881417,22.277014017105103
550,0.4013,1.0086,0.00027628610748736194,1523.7756542567513,21.504477977752686
551,0.3960,1.1362,0.000275247430253745,101.24983595361049,323.63509225845337
552,0.4182,1.1938,0.0002742095973724856,1413.4973162321483,23.182215929031372
553,0.4095,1.0863,0.00027317262484825085,1218.1022313021633,26.900861978530884
554,0.4082,1.0435,0.00027213652867243956,1438.5979444954248,22.777733087539673
555,0.4053,0.9858,0.0002711013248229368,102.06380971629737,321.0540552139282
556,0.4188,1.0385,0.0002700670292638663,1473.2966378340761,22.241277933120728
557,0.3969,1.0548,0.0002690336579453453,1423.3123970190327,23.022352695465088
558,0.4112,1.0641,0.00026800122680323757,1225.0246769124337,26.748848915100098
559,0.3484,0.8921,0.0002669697517589087,99.43739700547034,329.53396797180176
560,0.3546,0.9851,0.0002659392487189799,1259.1541632732276,26.023818969726562
561,0.3557,1.0080,0.0002649097335750827,99.52835631750776,329.23280572891235
562,0.3532,0.9309,0.00026388122220361433,1225.7462747963564,26.733101844787598
563,0.3625,0.9396,0.0002628537304654923,1304.442447848551,25.12031102180481
564,0.3640,0.9623,0.0002618272742059105,100.3889259577431,326.41050481796265
565,0.3900,1.0391,0.00026080186925409396,1323.1260480274923,24.765592098236084
566,0.3580,1.0118,0.00025977753142305583,101.36431302854537,323.2695908546448
567,0.3811,1.1298,0.00025875427650935234,1606.4796404039064,20.397395133972168
568,0.3871,1.0919,0.00025773212029284035,101.6379207817187,322.39935398101807
569,0.3592,0.9785,0.00025671107853643296,1303.5404678323237,25.13769292831421
570,0.3308,0.9419,0.00025569116698585727,100.2469670174639,326.8727321624756
571,0.3411,0.9121,0.0002546724013694111,1272.0445567726258,25.760103940963745
572,0.3257,0.9224,0.0002536547973977204,377.7725583368872,86.74002194404602
573,0.3221,0.9173,0.00025263837076349745,1380.5113155128497,23.736132860183716
574,0.3290,0.9170,0.0002516231371412981,1274.732774752382,25.705779790878296
575,0.3357,0.9178,0.0002506091121872809,1363.7081812933652,24.02860116958618
576,0.3286,0.9160,0.0002495963115389649,1469.564859451314,22.297756910324097
577,0.3268,0.9058,0.00024858475081498916,1313.4850959687647,24.947371006011963
578,0.3316,0.8955,0.00024757444561487115,1558.1917626467684,21.02950406074524
579,0.3255,1.0004,0.00024656541151876716,1654.102462558978,19.810139179229736
580,0.3212,0.8654,0.00024555766408723093,1389.195202101291,23.58775782585144
581,0.2730,0.7721,0.00024455121886097456,1363.5730866601841,24.03098177909851
582,0.2896,0.8385,0.00024354609136062865,1497.2997247993571,21.884729862213135
583,0.2903,0.8842,0.00024254229708650245,1429.4314211429285,22.923799991607666
584,0.2942,0.8844,0.00024153985151834556,1585.4074575716863,20.668503761291504
585,0.2975,0.9540,0.00024053877011510859,1472.623775265443,22.251440286636353
586,0.2960,0.8808,0.00023953906831470536,1470.0486271915245,22.290419101715088
587,0.2943,0.8117,0.00023854076153377409,1540.7746109620984,21.26722478866577
588,0.3047,0.9255,0.00023754386516744054,1492.4055802451167,21.95649790763855
589,0.3073,0.9175,0.00023654839458907962,1464.3978868398588,22.376432180404663
590,0.2980,0.8760,0.00023555436515007932,1556.6803004311655,21.049922704696655
591,0.2734,0.8224,0.00023456179217960332,1418.7751637676336,23.095978021621704
592,0.2605,0.9139,0.00023357069098435445,1523.6570507883305,21.506151914596558
593,0.2579,0.8407,0.00023258107684833945,1365.4920703193236,23.997210025787354
594,0.2608,0.9208,0.00023159296503263226,1566.3788519192121,20.91958785057068
595,0.2851,0.9589,0.00023060637077513968,1514.3481666760874,21.638352870941162
596,0.2767,0.8945,0.00022962130929036535,1569.7148338655945,20.875129222869873
597,0.2778,0.9125,0.00022863779576917623,1544.0474279618422,21.222146034240723
598,0.2673,0.8145,0.0002276558453785673,1319.472001654652,24.834176063537598
599,0.2735,0.8996,0.00022667547326142844,100.3226925964319,326.62600207328796
600,0.2711,0.9090,0.0002256966945363103,1508.8559559539813,21.717116117477417
601,0.2862,0.8984,0.00022471952429719172,98.95877594913142,331.12778210639954
602,0.2468,0.8182,0.00022374397761324672,1051.1802438775092,31.172579765319824
603,0.2345,0.8082,0.00022277006952861175,98.72491234320755,331.912171125412
604,0.2360,0.8462,0.0002217978150621545,100.18724169414435,327.06759309768677
605,0.2354,0.7337,0.00022082722920724134,1255.3054478707563,26.103606939315796
606,0.2578,0.8356,0.00021985832693150706,100.08126171863631,327.41393780708313
607,0.2478,0.8658,0.0002188911231766231,1031.6329602725284,31.763234853744507
608,0.2410,0.8293,0.00021792563285806806,205.67616741512046,159.31841015815735
609,0.2446,0.7855,0.0002169618708648968,1084.2374543229741,30.222162008285522
610,0.2478,0.7553,0.00021599985205951176,1271.7818448168935,25.765425205230713
611,0.2523,0.7910,0.0002150395912774328,1334.4458085334147,24.555511951446533
612,0.2224,0.7868,0.00021408110332706915,1349.1200043725014,24.288424968719482
613,0.2074,0.7374,0.0002131244029894906,1159.775776033576,28.253737211227417
614,0.2232,0.7671,0.00021216950501820004,1286.0924583063177,25.47872805595398
615,0.2149,0.8167,0.00021121642413890525,1261.7768354039797,25.969727039337158
616,0.2051,0.7216,0.0002102651750492925,1560.5357473557863,20.99791693687439
617,0.2318,0.8210,0.00020931577241879964,1577.4881529611373,20.772263765335083
618,0.2316,0.8974,0.00020836823088838944,1292.824767640869,25.346049070358276
619,0.2399,0.8161,0.00020742256507032467,1367.550578383573,23.961088180541992
620,0.2276,0.8687,0.00020647878954794193,1512.3238271767343,21.667317152023315
621,0.2343,1.0956,0.00020553691887542747,1499.2247961801243,21.856628894805908
622,0.2333,0.8319,0.00020459696757759197,1565.6812259459368,20.928909063339233
623,0.2229,0.7375,0.00020365895014964747,1362.1797725467545,24.055562019348145
624,0.1927,0.7100,0.00020272288105698284,1553.6823492823667,21.090540170669556
625,0.2144,0.7977,0.0002017887747349416,1538.0558581064627,21.30481791496277
626,0.2076,0.8163,0.00020085664558859887,1456.9709080426192,22.49049711227417
627,0.2083,0.7395,0.000199926507992539,1322.3291453549632,24.780517101287842
628,0.2023,0.6945,0.00019899837629063454,1370.0344828063999,23.917646169662476
629,0.2105,0.8014,0.00019807226479582428,1225.8354519039253,26.731157064437866
630,0.2087,0.7405,0.0001971481877898933,1373.856862937102,23.851101875305176
631,0.1998,0.6976,0.00019622615952325206,1436.436570385839,22.81200623512268
632,0.2115,0.7205,0.00019530619421471716,1326.5391836975123,24.701871156692505
633,0.1973,0.6559,0.00019438830605129152,1518.2206419331867,21.583160638809204
634,0.1991,0.7022,0.00019347250918794618,1316.352878966312,24.89302110671997
635,0.1781,0.6871,0.0001925588177474018,1330.0249948863227,24.637130975723267
636,0.1855,0.7268,0.0001916472458199105,1323.885041439632,24.751393795013428
637,0.1873,0.6759,0.00019073780746303924,1467.3941498530032,22.33074188232422
638,0.1972,0.7258,0.0001898305167014523,1535.1124802031923,21.345667123794556
639,0.1781,0.6253,0.00018892538752669584,1474.1364625078304,22.228606939315796
640,0.2032,0.8523,0.00018802243389698118,1611.080981583413,20.339138984680176
641,0.2003,0.7042,0.00018712166973697053,11.650195157173654,2812.6567459106445
642,0.1885,0.6908,0.00018622310893756132,1261.095200997983,25.983763933181763
643,0.1901,0.6970,0.00018532676535567278,1112.781340509813,29.446935176849365
644,0.1914,0.6647,0.00018443265281403186,1319.9820524868776,24.82457995414734
645,0.1735,0.6891,0.0001835407851009598,980.4636106692031,33.42092418670654
646,0.1725,0.6239,0.00018265117597016025,1342.2200108323761,24.41328525543213
647,0.1689,0.6705,0.00018176383914050628,1308.3299536170464,25.04566979408264
648,0.1772,0.7213,0.00018087878829582972,983.5743512371039,33.315224170684814
649,0.1822,0.7015,0.00017999603708470922,729.9286132028267,44.89206123352051
650,0.1679,0.7007,0.0001791155991202607,780.0404288770305,42.008079051971436
651,0.1855,0.8230,0.00017823748797992652,962.8082733041201,34.033774852752686
652,0.1732,0.7201,0.00017736171720526695,964.2782457571207,33.981892824172974
653,0.1808,0.7375,0.00017648830030175052,1094.3720887382633,29.942284107208252
654,0.1750,0.7676,0.00017561725073854642,839.7930707720835,39.01913595199585
655,0.1802,0.7763,0.00017474858194831654,828.5876482878128,39.54681205749512
656,0.1661,0.6598,0.00017388230732700807,956.7436133344706,34.249510049819946
657,0.1575,0.7491,0.00017301844023364749,978.7695580267032,33.478769063949585
658,0.1635,0.6160,0.00017215699399013382,987.9124531539475,33.168931007385254
659,0.1658,0.6676,0.000171297981881034,1164.0060657170272,28.151056051254272
660,0.1698,0.6482,0.00017044141715337718,843.1043669936604,38.8658881187439
661,0.1689,0.6758,0.0001695873130164513,872.986516422409,37.5355167388916
662,0.1705,0.7045,0.00016873568264159857,923.1349589726725,35.496434926986694
663,0.1681,0.6378,0.000167886539162013,1012.8955950431442,32.35081696510315
664,0.1705,0.6971,0.00016703989567253734,1080.7841629439854,30.318727016448975
665,0.1657,0.6417,0.00016619576522946167,1008.4152058548868,32.49455165863037
666,0.1456,0.7394,0.0001653541608503217,879.8630406439131,37.242159843444824
667,0.1573,0.5999,0.00016451509551369792,869.2395277769713,37.6973192691803
668,0.1520,0.6554,0.00016367858215901593,902.6650368307085,36.30139493942261
669,0.1488,0.5589,0.00016284463368634636,999.3624687279658,32.7889039516449
670,0.1517,0.6761,0.00016201326295620645,917.0085923905668,35.733580112457275
671,0.1577,0.6434,0.0001611844827893611,822.4507539469574,39.841899156570435
672,0.1570,0.6442,0.000160358305966626,837.4133894281092,39.130016803741455
673,0.1601,0.6356,0.0001595347452286695,1043.0350988536757,31.416008949279785
674,0.1610,0.6683,0.00015871381327581724,735.4971173553934,44.55218005180359
675,0.1574,0.7924,0.00015789552276785525,956.1661443993711,34.27019476890564
676,0.1643,0.6606,0.00015707988632383555,864.7815991850101,37.891648054122925
677,0.1459,0.6534,0.00015626691652188116,771.1977611213355,42.489749908447266
678,0.1446,0.7546,0.00015545662589899192,1307.1666965324448,25.067958116531372
679,0.1353,0.5429,0.00015464902695085187,1122.1786764554531,29.20034098625183
680,0.1407,0.6005,0.00015384413213163556,1011.5121205855861,32.39506411552429
681,0.1453,0.6451,0.00015304195385381709,888.9426884182026,36.86176896095276
682,0.1385,0.6397,0.00015224250448797757,647.2148772815164,50.62924408912659
683,0.1388,0.6220,0.00015144579636261544,821.0957048338244,39.907649993896484
684,0.1465,0.5994,0.00015065184176395532,651.4483162049169,50.30022978782654
685,0.1513,0.5946,0.0001498606529357595,762.4568189633242,42.97686004638672
686,0.1542,0.6267,0.00014907224207913832,923.7024282872742,35.47462797164917
687,0.1442,0.5828,0.0001482866213523625,855.1262682317837,38.31948709487915
688,0.1297,0.5507,0.00014750380287067565,799.3950043201627,40.99099922180176
689,0.1385,0.6096,0.000146723798706107,663.6645795132331,49.37433910369873
690,0.1337,0.5337,0.00014594662088728583,714.807729179549,45.84169793128967
691,0.1412,0.5942,0.00014517228139925532,828.1960970214529,39.56550884246826
692,0.1396,0.5790,0.00014440079218328846,985.2963012423575,33.25700092315674
693,0.1356,0.5726,0.00014363216513670323,876.9376870030899,37.366394996643066
694,0.1327,0.5575,0.0001428664121126796,705.0062171567719,46.47902274131775
695,0.1305,0.5918,0.00014210354492007638,747.1651039839235,43.85643792152405
696,0.1292,0.5767,0.0001413435753232495,728.6483865115956,44.97093605995178
697,0.1440,0.6916,0.0001405865150418702,644.2312132305774,50.8637261390686
698,0.1349,0.6325,0.00013983237575074454,615.3060950508312,53.25479507446289
699,0.1264,0.5155,0.00013908116907963342,848.1703758183056,38.63374733924866
700,0.1389,0.6762,0.00013833290661307283,717.5151831498337,45.66872000694275
701,0.1255,0.5323,0.00013758759989019576,702.7515395394502,46.62814402580261
702,0.1345,0.6022,0.0001368452604045538,744.4699567386753,44.01520800590515
703,0.1149,0.4982,0.00013610589960394022,738.5439640610938,44.36838102340698
704,0.1299,0.5907,0.00013536952889021308,761.2318202219948,43.04601979255676
705,0.1327,0.5627,0.00013463615961911989,678.4672362201584,48.29710006713867
706,0.1315,0.5815,0.0001339058031001218,699.0154008902922,46.87736487388611
707,0.1197,0.5642,0.00013317847059622005,716.4014590473316,45.73971700668335
708,0.1355,0.6564,0.00013245417332378144,855.8636993800701,38.28647017478943
709,0.1326,0.6041,0.00013173292245236598,686.7072944528867,47.717565059661865
710,0.1299,0.4922,0.0001310147291045544,602.2718867320583,54.4073212146759
711,0.1269,0.5567,0.0001302996043557764,715.1820323175134,45.81770586967468
712,0.1191,0.5106,0.00012958755923414046,812.4877952810274,40.33045196533203
713,0.1163,0.4837,0.00012887860472026304,897.2075532160119,36.52220702171326
714,0.1254,0.5745,0.00012817275174709992,1085.74071789685,30.180317878723145
715,0.1222,0.5372,0.00012747001119977692,1033.5545892361538,31.704179286956787
716,0.1170,0.5923,0.0001267703939154228,971.4002263583317,33.73274898529053
717,0.1162,0.5091,0.00012607391068300143,1145.0424356424433,28.61728000640869
718,0.1347,0.6019,0.00012538057224314585,875.4937420162106,37.42802309989929
719,0.1249,0.5765,0.00012469038928799263,873.7429667780547,37.50302004814148
720,0.1172,0.4925,0.00012400337246101654,673.0376690161821,48.68672513961792
721,0.1143,0.5354,0.00012331953235686716,602.8148803951169,54.35831308364868
722,0.1134,0.5047,0.0001226388795212046,686.1076126949945,47.75927186012268
723,0.1153,0.5116,0.00012196142445053782,646.0851904502673,50.71776986122131
724,0.1195,0.6232,0.0001212871775920619,623.6975708836734,52.538283824920654
725,0.1141,0.4398,0.0001206161493434976,648.4501038544815,50.532800912857056
726,0.1166,0.5854,0.0001199483500529305,986.2540262831953,33.224705934524536
727,0.1192,0.5277,0.00011928379001865187,1002.9616233851449,32.67124009132385
728,0.1195,0.5778,0.00011862247948899943,1256.7207133107452,26.074210166931152
729,0.1159,0.5340,0.00011796442866219969,989.3784296568788,33.119784116744995
730,0.1271,0.6023,0.0001173096476862105,1116.1117724612768,29.35906672477722
731,0.1050,0.4338,0.00011665814665856442,1031.5537807218047,31.7656729221344
732,0.1075,0.5068,0.00011600993562621333,1234.3440662570476,26.54689311981201
733,0.1118,0.5075,0.0001153650245853731,921.9081225432897,35.54367208480835
734,0.1088,0.5127,0.0001147234234813699,1035.2092257608685,31.653504610061646
735,0.1101,0.5423,0.00011408514220848632,1010.2802121566376,32.434565782547
736,0.1046,0.4588,0.00011345019060980937,1111.7226650155928,29.474977016448975
737,0.1857,1.3705,0.00011281857847707796,1083.4648203688523,30.243713855743408
738,0.1348,0.9647,0.00011219031555053272,1179.9049722161342,27.771728038787842
739,0.1282,0.6134,0.00011156541151876497,1100.8032486629993,29.767354011535645
740,0.1251,0.6265,0.00011094387601856803,1139.2386569563737,28.763068914413452
741,0.1118,0.5578,0.00011032571863478827,1026.013771488047,31.937193155288696
742,0.1116,0.5253,0.00010971094890017708,1164.7351664690327,28.133434057235718
743,0.1080,0.4858,0.00010909957629524443,964.3459994544639,33.97950530052185
744,0.1181,0.5361,0.00010849161024811204,1023.0517821781117,32.029659271240234
745,0.1123,0.4876,0.00010788706013436859,1054.9427604915218,31.061400890350342
746,0.1260,0.6075,0.00010728593527692458,1460.507295854827,22.436039924621582
747,0.1046,0.4694,0.00010668824494586903,1146.1518473625006,28.589580059051514
748,0.1259,0.5559,0.00010609399835832613,1175.593399245986,27.87358283996582
749,0.1148,0.4961,0.00010550320467831352,1280.887608488577,25.582260131835938
750,0.1078,0.4628,0.00010491587301660038,1366.827561237454,23.97376298904419
751,0.1062,0.4611,0.00010433201243056773,1279.0447669542496,25.6191189289093
752,0.1051,0.4469,0.0001037516319240678,1148.1239393524975,28.540472745895386
753,0.0978,0.4172,0.0001031747404472863,1284.2102371321976,25.516071319580078
754,0.1008,0.4238,0.00010260134689660328,1181.9257806875296,27.724245071411133
755,0.1096,0.4317,0.0001020314601144566,1190.7151088100454,27.519597053527832
756,0.1039,0.4348,0.00010146508888920531,1384.168644669531,23.673415899276733
757,0.1065,0.4385,0.00010090224195499462,1335.6633515743538,24.533128023147583
758,0.1031,0.4823,0.00010034292799162034,1548.9546828579046,21.154911994934082
759,0.0996,0.4155,9.978715562439575e-05,1413.7801063906434,23.177578926086426
760,0.1067,0.4902,9.923493342401814e-05,1461.2860028435966,22.424083948135376
761,0.1101,0.5096,9.868626990643719e-05,1436.1710872315894,22.81622314453125
762,0.0984,0.3852,9.814117353272296e-05,1442.8013153190911,22.711373805999756
763,0.0944,0.3880,9.759965270893573e-05,941.7256076821276,34.795698165893555
764,0.1007,0.4111,9.706171578599673e-05,962.2687144223831,34.052858114242554
765,0.1022,0.4014,9.652737105955868e-05,1420.8899779888573,23.06160259246826
766,0.0956,0.4217,9.599662676987827e-05,737.4107666461634,44.43656301498413
767,0.1001,0.3985,9.546949110168886e-05,709.3106331283494,46.196967124938965
768,0.1032,0.4090,9.494597218407481e-05,1273.5115046573312,25.730431079864502
769,0.0982,0.4351,9.442607809034533e-05,986.0836979637073,33.23044490814209
770,0.0957,0.3829,9.390981683791049e-05,744.3255412694341,44.02374792098999
771,0.0976,0.3788,9.339719638815731e-05,684.842180380901,47.84752011299133
772,0.0979,0.3998,9.288822464632754e-05,782.5245043772086,41.87472701072693
773,0.0960,0.3886,9.23829094613949e-05,789.1717998747972,41.522010803222656
774,0.0943,0.3849,9.188125862594456e-05,826.1273458552688,39.66458702087402
775,0.0911,0.3877,9.138327987605322e-05,551.7473259982871,59.389503955841064
776,0.1006,0.4247,9.088898089116911e-05,682.8620486331456,47.986266136169434
777,0.1013,0.4791,9.039836929399401e-05,678.1724592965256,48.318093061447144
778,0.0869,0.3707,8.991145265036564e-05,707.986584623529,46.283362865448
779,0.0872,0.3817,8.942823846914112e-05,912.2571675723242,35.91969585418701
780,0.0890,0.3975,8.894873420208082e-05,942.8211230528407,34.75526714324951
781,0.1001,0.4276,8.847294724373373e-05,790.6635902500634,41.443668842315674
782,0.0938,0.4396,8.800088493132318e-05,872.9269056927342,37.53807997703552
783,0.0935,0.4591,8.753255454463423e-05,959.0228445181655,34.16811203956604
784,0.0944,0.4192,8.706796330590066e-05,958.7988594336592,34.17609405517578
785,0.0857,0.3739,8.660711837969403e-05,1092.9692276480982,29.98071599006653
786,0.0984,0.4793,8.615002687281342e-05,1057.6920495221284,30.98066210746765
787,0.0860,0.3965,8.569669583417517e-05,1056.9990498856669,31.00097393989563
788,0.0854,0.5106,8.524713225470466e-05,935.1271137000214,35.04122543334961
789,0.0924,0.3703,8.48013430672284e-05,1013.9653803437153,32.31668519973755
790,0.0961,0.4969,8.435933514636728e-05,1029.9281417470681,31.8158118724823
791,0.0931,0.4015,8.392111530843017e-05,1119.4265758209463,29.272129774093628
792,0.0967,0.4482,8.348669031130898e-05,972.274594111528,33.7024130821228
793,0.0888,0.5015,8.305606685437466e-05,1013.3209624658309,32.3372368812561
794,0.0941,0.3685,8.262925157837365e-05,997.7061402021259,32.84333801269531
795,0.0920,0.5550,8.220625106532548e-05,1051.8195060310645,31.153634071350098
796,0.0902,0.3776,8.178707183842118e-05,964.2044338868805,33.98449420928955
797,0.0920,0.3838,8.137172036192325e-05,883.5722296996706,37.085819244384766
798,0.0888,0.3561,8.096020304106509e-05,33.74658363009691,971.0019941329956
799,0.0936,0.4024,8.055252622195295e-05,73.2838115265439,447.1383149623871
800,0.0953,0.4372,8.014869619146753e-05,887.2293731914955,36.93295216560364
801,0.0934,0.3849,7.974871917716767e-05,863.6104556349582,37.94303297996521
802,0.0868,0.3606,7.935260134719366e-05,789.5370917055693,41.50279998779297
803,0.0921,0.3601,7.896034881017241e-05,748.5525616353772,43.77514910697937
804,0.0914,0.3640,7.857196761512331e-05,908.4697314471903,36.069446086883545
805,0.0878,0.3535,7.81874637513649e-05,837.4959739499719,39.126158237457275
806,0.0857,0.3504,7.780684314842232e-05,767.6376765472583,42.6868052482605
807,0.0881,0.3461,7.743011167593607e-05,525.9057383238805,62.3077437877655
808,0.0818,0.3112,7.705727514357167e-05,587.3216966145394,55.79225182533264
809,0.0845,0.3818,7.668833930092955e-05,827.7696067884948,39.5858941078186
810,0.0961,0.4045,7.632330983745682e-05,908.8839090553414,36.053009271621704
811,0.0880,0.3735,7.596219238235937e-05,804.3301656739633,40.73948907852173
812,0.0847,0.3536,7.56049925045151e-05,881.4642753867236,37.17450714111328
813,0.0920,0.3560,7.525171571238798e-05,1024.4050903034795,31.987345933914185
814,0.0879,0.3705,7.490236745394315e-05,929.2015784242402,35.264683961868286
815,0.0862,0.3667,7.455695311656299e-05,947.1345328569288,34.596985816955566
816,0.0884,0.3799,7.421547802696383e-05,701.7855127593738,46.69232892990112
817,0.0829,0.3151,7.387794745111401e-05,708.7554080953078,46.23315691947937
818,0.0858,0.3901,7.354436659415243e-05,1040.0853447983334,31.505106925964355
819,0.0823,0.3383,7.321474060030875e-05,1103.560627030515,29.692976713180542
820,0.0924,0.3652,7.288907455282348e-05,770.7003464235836,42.517173051834106
821,0.0877,0.3845,7.256737347386987e-05,951.4830203363737,34.43886995315552
822,0.0813,0.3306,7.22496423244766e-05,689.4143091517417,47.53020000457764
823,0.0829,0.3624,7.193588600445106e-05,1122.2827538294619,29.197633028030396
824,0.0898,0.3408,7.162610935230383e-05,970.7741873755083,33.75450277328491
825,0.0888,0.3743,7.132031714517399e-05,983.3792154494516,33.32183504104614
826,0.0861,0.3361,7.101851409875581e-05,818.9738807910323,40.01104402542114
827,0.0879,0.3984,7.072070486722557e-05,749.5606372040372,43.71627640724182
828,0.0840,0.3419,7.042689404316996e-05,781.8100176951849,41.9129958152771
829,0.0794,0.3700,7.01370861575154e-05,853.1532995995457,38.408103227615356
830,0.0843,0.3801,6.9851285679458e-05,775.2517139022999,42.2675621509552
831,0.0807,0.3608,6.956949701639471e-05,627.3487974589624,52.232506275177
832,0.0869,0.3444,6.929172451385521e-05,685.5883310620719,47.795445919036865
833,0.0832,0.3534,6.90179724554352e-05,669.8994833711834,48.91480112075806
834,0.0832,0.3547,6.874824506273002e-05,714.8795539816689,45.83709216117859
835,0.0815,0.3599,6.84825464952698e-05,702.8934030052062,46.618733167648315
836,0.0863,0.3520,6.822088085045498e-05,677.572549422069,48.360872983932495
837,0.0915,0.3569,6.796325216349369e-05,736.2694135724821,44.50544786453247
838,0.0791,0.3556,6.770966440733889e-05,732.7838951641007,44.71713995933533
839,0.0805,0.3376,6.746012149262746e-05,960.5757696984723,34.112873792648315
840,0.0877,0.3542,6.721462726761988e-05,682.6217138435337,48.00316095352173
841,0.0857,0.3880,6.69731855181408e-05,603.9057341492596,54.26012396812439
842,0.0733,0.2930,6.673579996752068e-05,655.379359946894,49.998522996902466
843,0.0820,0.3809,6.650247427653834e-05,651.341097418774,50.308509826660156
844,0.0817,0.3602,6.627321204336456e-05,641.3791827181266,51.08990263938904
845,0.0882,0.3673,6.604801680350664e-05,630.994364576904,51.93073320388794
846,0.0832,0.3316,6.582689202975371e-05,687.2840971105219,47.677518129348755
847,0.0890,0.3675,6.560984113212332e-05,718.2590060966198,45.62142586708069
848,0.0925,0.3954,6.53968674578089e-05,637.4132365849174,51.40778088569641
849,0.0843,0.3308,6.518797429112788e-05,593.9278789924614,55.17168188095093
850,0.0767,0.3081,6.498316485347134e-05,696.9606037331298,47.01556992530823
851,0.0825,0.3182,6.478244230325413e-05,723.2160354465275,45.30872988700867
852,0.0783,0.3303,6.458580973586636e-05,681.6669561872042,48.07039523124695
853,0.0801,0.2950,6.439327018362541e-05,716.0068993083041,45.76492214202881
854,0.0810,0.3257,6.420482661572935e-05,734.7144484519343,44.599640130996704
855,0.0782,0.3226,6.402048193821114e-05,840.6231995799934,38.98060393333435
856,0.0752,0.3206,6.384023899389373e-05,762.5249503403509,42.97302007675171
857,0.0878,0.3622,6.366410056234631e-05,743.7617695595277,44.05711793899536
858,0.0830,0.3469,6.349206935984136e-05,703.113891638049,46.604114055633545
859,0.0827,0.3357,6.33241480393129e-05,645.9426356837183,50.728962898254395
860,0.0809,0.3548,6.316033919031535e-05,761.1289666043318,43.05183672904968
861,0.0815,0.3328,6.300064533898384e-05,842.5785182885224,38.89014410972595
862,0.0811,0.3181,6.284506894799509e-05,924.9435220702902,35.42702794075012
863,0.0864,0.3644,6.269361241652952e-05,568.8882775960827,57.600061893463135
864,0.0748,0.3065,6.25462780802342e-05,595.7633270202053,55.00170707702637
865,0.0841,0.3352,6.240306821118687e-05,653.7061746733036,50.12649607658386
866,0.0752,0.2976,6.226398501786084e-05,683.9080012530978,47.91287708282471
867,0.0813,0.3471,6.212903064509104e-05,683.9391656361346,47.910693883895874
868,0.0833,0.3387,6.199820717404082e-05,736.3961718123509,44.49778699874878
869,0.0833,0.3193,6.187151662216993e-05,629.9906060461352,52.013473987579346
870,0.0850,0.3246,6.174896094320346e-05,719.5219458115646,45.541348934173584
871,0.0753,0.3141,6.163054202710154e-05,765.2263098434053,42.82131910324097
872,0.0793,0.2824,6.151626170003032e-05,805.7417171741321,40.668118953704834
873,0.0806,0.3302,6.140612172433387e-05,699.5873379163949,46.839040994644165
874,0.0800,0.3237,6.130012379850689e-05,812.5417667739067,40.327773094177246
875,0.0812,0.3203,6.119826955716842e-05,821.3247937851917,39.89651870727539
876,0.0759,0.3280,6.110056057103694e-05,834.4414434909905,39.26938223838806
877,0.0794,0.3519,6.100699834690588e-05,870.9938933002303,37.62138891220093
878,0.0743,0.2907,6.091758432762047e-05,799.9427968563382,40.962929010391235
879,0.0790,0.3008,6.083231989205547e-05,847.5351337992764,38.66270399093628
880,0.0777,0.3651,6.0751206355093984e-05,149.50156579662254,219.1816508769989
881,0.0782,0.3331,6.06742449676071e-05,708.9454549596157,46.220763206481934
882,0.0768,0.3446,6.060143691643458e-05,843.962342192148,38.82637691497803
883,0.0753,0.3363,6.0532783324366684e-05,782.5135932710242,41.87531089782715
884,0.0801,0.3436,6.04682852501267e-05,927.297259638962,35.33710432052612
885,0.0750,0.3295,6.040794368835476e-05,865.6220084207197,37.854860067367554
886,0.0725,0.3035,6.035175956959237e-05,863.3087728492449,37.956292152404785
887,0.0829,0.3648,6.029973376026813e-05,744.059104988611,44.039512157440186
888,0.0836,0.3337,6.0251867062684356e-05,752.3459930688284,43.554428815841675
889,0.0757,0.3259,6.0208160215004814e-05,667.653302954229,49.07936477661133
890,0.0783,0.3293,6.016861389124311e-05,900.4014237614207,36.3926568031311
891,0.0820,0.3821,6.0133228701252464e-05,999.9626500629307,32.76922392845154
892,0.0737,0.2987,6.010200519071635e-05,900.0263937631049,36.40782117843628
893,0.0869,0.3685,6.007494384113984e-05,1050.8352733895242,31.18281316757202
894,0.0769,0.3219,6.005204506984249e-05,787.3901253823482,41.615965127944946
895,0.0751,0.3034,6.0033309229951635e-05,737.7246689552087,44.41765522956848
896,0.0785,0.3522,6.001873661039712e-05,684.1230923023326,47.89781308174133
897,0.0756,0.2998,6.0008327435906783e-05,586.2529865293487,55.89395833015442
898,0.0789,0.3441,6.000208186700294e-05,715.3678452540554,45.80580496788025
899,0.0754,0.3060,5.9999999999999995e-05,725.7654755814362,45.14957118034363
900,0.0818,0.3253,5.9999999999999995e-05,842.7978294430218,38.88002419471741
901,0.0825,0.3429,5.9999999999999995e-05,935.0437843981069,35.04434823989868
902,0.0773,0.2928,5.9999999999999995e-05,748.7623547314926,43.76288390159607
903,0.0710,0.2994,5.9999999999999995e-05,671.8990624712345,48.769230127334595
904,0.0746,0.3011,5.9999999999999995e-05,904.6294539180228,36.22256588935852
905,0.0749,0.3146,5.9999999999999995e-05,1014.2705834015318,32.30696082115173
906,0.0779,0.3539,5.9999999999999995e-05,1005.1246129767242,32.60093283653259
907,0.0750,0.2995,5.9999999999999995e-05,932.3131210755035,35.146990060806274
908,0.0713,0.2996,5.9999999999999995e-05,1221.1355895080944,26.834038972854614
909,0.0737,0.3116,5.9999999999999995e-05,1124.9919392043964,29.127319812774658
910,0.0768,0.3307,5.9999999999999995e-05,1083.6020011499797,30.239885091781616
911,0.0773,0.3186,5.9999999999999995e-05,1013.8616724373151,32.31999087333679
912,0.0762,0.3315,5.9999999999999995e-05,999.2052497061577,32.794063091278076
913,0.0733,0.2989,5.9999999999999995e-05,1221.0549055819035,26.835812091827393
914,0.0810,0.3310,5.9999999999999995e-05,1085.5122967309633,30.186668634414673
915,0.0762,0.2914,5.9999999999999995e-05,1136.2530331755013,28.83864688873291
916,0.0804,0.3237,5.9999999999999995e-05,1290.4566834785358,25.392560958862305
917,0.0715,0.2944,5.9999999999999995e-05,1084.4695835133234,30.21569299697876
918,0.0744,0.2964,5.9999999999999995e-05,1387.7123924377136,23.612962007522583
919,0.0735,0.2951,5.9999999999999995e-05,1156.1601159695301,28.342095136642456
920,0.0744,0.2931,5.9999999999999995e-05,1004.7804377701743,32.61209988594055
921,0.0770,0.3303,5.9999999999999995e-05,1245.185534845642,26.315757036209106
922,0.0742,0.3041,5.9999999999999995e-05,1090.319622777001,30.05357265472412
923,0.0812,0.3654,5.9999999999999995e-05,351.59735476540186,93.19751572608948
924,0.0770,0.3078,5.9999999999999995e-05,764.1506611004376,42.881596088409424
925,0.0758,0.3343,5.9999999999999995e-05,946.4450400537847,34.62218999862671
926,0.0811,0.3508,5.9999999999999995e-05,1121.8829887539762,29.20803713798523
927,0.0749,0.2789,5.9999999999999995e-05,951.4329019646499,34.4406840801239
928,0.0725,0.2964,5.9999999999999995e-05,653.379813813859,50.15153408050537
929,0.0744,0.3545,5.9999999999999995e-05,708.6785964177334,46.23816800117493
930,0.0718,0.3090,5.9999999999999995e-05,782.7166592013585,41.86444687843323
931,0.0791,0.3827,5.9999999999999995e-05,767.6569192672239,42.68573522567749
932,0.0792,0.3480,5.9999999999999995e-05,750.6434327137498,43.65321612358093
933,0.0736,0.3720,5.9999999999999995e-05,717.6121168057741,45.662551164627075
934,0.0753,0.3343,5.9999999999999995e-05,665.7721567526751,49.21803903579712
935,0.0791,0.3847,5.9999999999999995e-05,653.4326101031872,50.14748191833496
936,0.0724,0.3148,5.9999999999999995e-05,527.4650784852637,62.12354397773743
937,0.0708,0.2877,5.9999999999999995e-05,505.0293314883846,64.8833601474762
938,0.0731,0.3108,5.9999999999999995e-05,552.2427685089054,59.336222887039185
939,0.0797,0.3100,5.9999999999999995e-05,585.6445474769296,55.952027797698975
940,0.0644,0.2888,5.9999999999999995e-05,624.430151908057,52.476645946502686
941,0.0739,0.3130,5.9999999999999995e-05,605.3270981583594,54.13271617889404
942,0.0708,0.2915,5.9999999999999995e-05,553.878406192756,59.1609992980957
943,0.0734,0.3085,5.9999999999999995e-05,600.896683676492,54.53183698654175
944,0.0791,0.3048,5.9999999999999995e-05,632.7086622996117,51.79002904891968
945,0.0713,0.2930,5.9999999999999995e-05,583.2166614115662,56.18495178222656
946,0.0689,0.2896,5.9999999999999995e-05,454.0555754711113,72.16737723350525
947,0.0714,0.2914,5.9999999999999995e-05,545.2647992575138,60.095571994781494
948,0.0764,0.3245,5.9999999999999995e-05,493.5680861386869,66.39002990722656
949,0.0750,0.2946,5.9999999999999995e-05,545.3634695926243,60.08469915390015
950,0.0725,0.3005,5.9999999999999995e-05,471.6754681690935,69.47149515151978
951,0.0794,0.3072,5.9999999999999995e-05,526.375131692447,62.25218105316162
952,0.0774,0.2983,5.9999999999999995e-05,577.6614606212321,56.725265979766846
953,0.0726,0.3179,5.9999999999999995e-05,554.7056431606638,59.07277202606201
954,0.0711,0.2952,5.9999999999999995e-05,620.8436483439272,52.779794216156006
955,0.0753,0.3289,5.9999999999999995e-05,849.4087993229053,38.5774199962616
956,0.0735,0.3130,5.9999999999999995e-05,600.8023433323286,54.54039978981018
957,0.0787,0.2870,5.9999999999999995e-05,833.6821804148076,39.30514621734619
958,0.0772,0.3071,5.9999999999999995e-05,964.0793089777062,33.98890495300293
959,0.0698,0.3180,5.9999999999999995e-05,757.0106123462177,43.28605103492737
960,0.0754,0.3163,5.9999999999999995e-05,749.137542144077,43.74096632003784
961,0.0753,0.3934,5.9999999999999995e-05,864.3632130177411,37.90998911857605
962,0.0715,0.3103,5.9999999999999995e-05,898.73269467505,36.46022915840149
963,0.0743,0.2978,5.9999999999999995e-05,785.320281276394,41.725651025772095
964,0.0759,0.3402,5.9999999999999995e-05,728.3084532301618,44.991925954818726
965,0.0763,0.3766,5.9999999999999995e-05,837.4184713962201,39.12977933883667
966,0.0778,0.3062,5.9999999999999995e-05,1035.3742359593364,31.648459911346436
967,0.0762,0.3025,5.9999999999999995e-05,953.202250417792,34.37675476074219
968,0.0719,0.3073,5.9999999999999995e-05,1031.0200270863866,31.78211784362793
969,0.0684,0.2707,5.9999999999999995e-05,791.0056349911696,41.425747871398926
970,0.0708,0.3147,5.9999999999999995e-05,1028.612233705353,31.85651397705078
971,0.0730,0.3263,5.9999999999999995e-05,990.5178631138284,33.081685066223145
972,0.0739,0.3207,5.9999999999999995e-05,917.6471845917318,35.70871305465698
973,0.0720,0.3114,5.9999999999999995e-05,1119.6330458820871,29.26673173904419
974,0.0714,0.3549,5.9999999999999995e-05,907.934175539417,36.09072208404541
975,0.0767,0.3309,5.9999999999999995e-05,984.7752082787839,33.274598836898804
976,0.0779,0.3915,5.9999999999999995e-05,921.3695932928073,35.56444692611694
977,0.0819,0.3784,5.9999999999999995e-05,1001.6105944622362,32.71530890464783
978,0.0727,0.3249,5.9999999999999995e-05,1128.5322035488207,29.035945892333984
979,0.0714,0.3258,5.9999999999999995e-05,981.1424993975965,33.397799015045166
980,0.0775,0.3901,5.9999999999999995e-05,968.2662308853057,33.84193205833435
981,0.0738,0.2950,5.9999999999999995e-05,964.8337767514469,33.962326765060425
982,0.0698,0.3520,5.9999999999999995e-05,1067.2187909836316,30.70410704612732
983,0.1497,1.3646,5.9999999999999995e-05,909.2348203599232,36.03909492492676
984,0.0759,0.6141,5.9999999999999995e-05,1035.5092373341051,31.644333839416504
985,0.0888,0.4927,5.9999999999999995e-05,931.8081828147812,35.166035890579224
986,0.0807,0.4842,5.9999999999999995e-05,1020.5969791643956,32.106698989868164
987,0.0812,0.4811,5.9999999999999995e-05,971.0204872964663,33.745940923690796
988,0.0771,0.3304,5.9999999999999995e-05,1193.7833318001242,27.448867082595825
989,0.0756,0.3500,5.9999999999999995e-05,1037.7819105699882,31.575034856796265
990,0.0745,0.3614,5.9999999999999995e-05,900.5743916380035,36.38566708564758
991,0.0747,0.3486,5.9999999999999995e-05,990.7002458172078,33.075594902038574
992,0.0715,0.3072,5.9999999999999995e-05,948.8254541652788,34.535329818725586
993,0.0770,0.3502,5.9999999999999995e-05,914.8148190905308,35.819271087646484
994,0.0767,0.3766,5.9999999999999995e-05,1054.0465524308943,31.08781099319458
995,0.0740,0.3553,5.9999999999999995e-05,1128.4935633583757,29.036940097808838
996,0.0806,0.4113,5.9999999999999995e-05,1019.7848786001559,32.132266998291016
997,0.0822,0.3622,5.9999999999999995e-05,1013.2985571496296,32.33795189857483
998,0.0771,0.3402,5.9999999999999995e-05,1019.1831882495293,32.15123677253723
999,0.0757,0.3570,5.9999999999999995e-05,918.5628698582059,35.6731162071228
1000,0.0729,0.3258,5.9999999999999995e-05,827.9076834219073,39.5792920589447
1001,0.0726,0.3239,5.9999999999999995e-05,765.10758130801,42.827964067459106
1002,0.0776,0.3299,5.9999999999999995e-05,880.4429535052755,37.21762990951538
1003,0.0734,0.2982,5.9999999999999995e-05,974.7611983336194,33.61643862724304
1004,0.0750,0.3208,5.9999999999999995e-05,1045.4028953043087,31.344852924346924
1005,0.0721,0.3021,5.9999999999999995e-05,1130.2969377141117,28.990612030029297
1006,0.0781,0.3350,5.9999999999999995e-05,969.1765894514846,33.81014394760132
1007,0.0780,0.3253,5.9999999999999995e-05,943.8985301353747,34.715595960617065
1008,0.0742,0.2887,5.9999999999999995e-05,1010.732997416978,32.42003583908081
1009,0.0769,0.3219,5.9999999999999995e-05,927.6653977226937,35.32308101654053
1010,0.0699,0.2863,5.9999999999999995e-05,981.3279968790333,33.391485929489136
1011,0.0743,0.2981,5.9999999999999995e-05,846.181311610968,38.72456121444702
1012,0.0736,0.2902,5.9999999999999995e-05,951.7639956891355,34.42870306968689
1013,0.0697,0.2761,5.9999999999999995e-05,1092.5462955271996,29.992321729660034
1014,0.0669,0.3049,5.9999999999999995e-05,1143.7545232448822,28.6495041847229
1015,0.0735,0.2996,5.9999999999999995e-05,976.987660041504,33.53982996940613
1016,0.0712,0.3007,5.9999999999999995e-05,1149.3578334178953,28.509833097457886
1017,0.0707,0.3518,5.9999999999999995e-05,936.5666717990603,34.98736500740051
1018,0.0694,0.2753,5.9999999999999995e-05,1002.4519521937643,32.68785095214844
1019,0.0727,0.3148,5.9999999999999995e-05,800.5103867566896,40.93388485908508
1020,0.0778,0.3320,5.9999999999999995e-05,875.8988601113036,37.410712003707886
1021,0.0721,0.2886,5.9999999999999995e-05,886.9643397673135,36.94398808479309
1022,0.0688,0.2847,5.9999999999999995e-05,1037.6956339726078,31.577660083770752
1023,0.0739,0.3327,5.9999999999999995e-05,928.0030988409285,35.310226917266846
1024,0.0731,0.3394,5.9999999999999995e-05,927.7036440563012,35.321624755859375
1025,0.0699,0.3254,5.9999999999999995e-05,967.5863665198037,33.865710735321045
1026,0.0724,0.4149,5.9999999999999995e-05,1124.9255406164114,29.12903904914856
1027,0.0742,0.3533,5.9999999999999995e-05,1035.9543374021332,31.630737781524658
1028,0.0689,0.2910,5.9999999999999995e-05,969.3078673868412,33.805564880371094
1029,0.0733,0.4106,5.9999999999999995e-05,947.5439264274523,34.582037925720215
1030,0.0732,0.3135,5.9999999999999995e-05,1066.0399518578151,30.738059997558594
1031,0.0758,0.3853,5.9999999999999995e-05,1011.5897274371285,32.39257884025574
1032,0.0677,0.3507,5.9999999999999995e-05,974.2028046536967,33.63570690155029
1033,0.0739,0.3191,5.9999999999999995e-05,1021.8024784415246,32.0688202381134
1034,0.0709,0.3455,5.9999999999999995e-05,951.0322305367288,34.45519399642944
1035,0.0683,0.3595,5.9999999999999995e-05,942.9839233533208,34.74926686286926
1036,0.0692,0.2928,5.9999999999999995e-05,1132.1559590976879,28.94300889968872
1037,0.1467,1.3857,5.9999999999999995e-05,1051.6046908292333,31.159997940063477
1038,0.0787,0.6948,5.9999999999999995e-05,968.5743058493841,33.83116793632507
1039,0.0746,0.4454,5.9999999999999995e-05,1215.1363633333488,26.9665207862854
1040,0.0733,0.3418,5.9999999999999995e-05,1272.8344405320765,25.744117975234985
1041,0.0783,0.3882,5.9999999999999995e-05,1006.0960152028239,32.56945610046387
1042,0.0747,0.4332,5.9999999999999995e-05,1107.4471510817916,29.588770866394043
1043,0.0727,0.3466,5.9999999999999995e-05,992.9610882289057,33.00028610229492
1044,0.0714,0.2750,5.9999999999999995e-05,971.7064381796774,33.722118854522705
1045,0.0764,0.3754,5.9999999999999995e-05,1090.3430897437497,30.05292582511902
1046,0.0799,0.4635,5.9999999999999995e-05,1097.5676686046156,29.855106830596924
1047,0.0778,0.3789,5.9999999999999995e-05,1075.8254710054023,30.45847201347351
1048,0.0775,0.3271,5.9999999999999995e-05,1079.929796422647,30.342713117599487
1049,0.0821,0.4698,5.9999999999999995e-05,1253.217283945619,26.147101879119873
1050,0.0763,0.3898,5.9999999999999995e-05,1136.0820639719752,28.842986822128296
1051,0.0807,0.3603,5.9999999999999995e-05,1059.117937240527,30.938952922821045
1052,0.0750,0.3055,5.9999999999999995e-05,1098.8514993308859,29.820225954055786
1053,0.0722,0.3556,5.9999999999999995e-05,1032.4662589425564,31.73759889602661
1054,0.0766,0.3792,5.9999999999999995e-05,1057.7962317215417,30.97761082649231
1055,0.0721,0.4198,5.9999999999999995e-05,1180.1406395231165,27.76618218421936
1056,0.0700,0.3353,5.9999999999999995e-05,1084.2213057372508,30.222612142562866
1057,0.0715,0.3124,5.9999999999999995e-05,1000.7392483914819,32.743794202804565
1058,0.0640,0.2865,5.9999999999999995e-05,999.7493876888451,32.77621412277222
1059,0.0742,0.3375,5.9999999999999995e-05,1093.6640771839884,29.961668014526367
1060,0.0708,0.3416,5.9999999999999995e-05,1045.5769462586627,31.339635133743286
1061,0.0740,0.3326,5.9999999999999995e-05,1073.6690745321607,30.519645929336548
1062,0.0670,0.2994,5.9999999999999995e-05,1087.511589888534,30.131173133850098
1063,0.0744,0.3071,5.9999999999999995e-05,1024.101931226993,31.996814966201782
1064,0.0637,0.2635,5.9999999999999995e-05,920.9940906360509,35.57894706726074
1065,0.0658,0.2783,5.9999999999999995e-05,1008.6510056945035,32.48695516586304
1066,0.0650,0.3080,5.9999999999999995e-05,973.9789967880417,33.64343595504761
1067,0.0757,0.3086,5.9999999999999995e-05,943.0532924406649,34.746710777282715
1068,0.0688,0.2699,5.9999999999999995e-05,915.688910392522,35.78507900238037
1069,0.0734,0.3361,5.9999999999999995e-05,962.737350095981,34.03628206253052
1070,0.0639,0.2847,5.9999999999999995e-05,982.8595854607959,33.339452028274536
1071,0.0636,0.3059,5.9999999999999995e-05,1116.562084622987,29.3472261428833
1072,0.0681,0.3205,5.9999999999999995e-05,994.4656125332912,32.95036005973816
1073,0.0729,0.3168,5.9999999999999995e-05,946.9723516694042,34.6029109954834
1074,0.0726,0.2978,5.9999999999999995e-05,932.1655538086965,35.15255403518677
1075,0.0715,0.3084,5.9999999999999995e-05,1109.1925718073287,29.5422101020813
1076,0.0695,0.2781,5.9999999999999995e-05,1093.108938925851,29.976884126663208
1077,0.0713,0.2885,5.9999999999999995e-05,1215.599170173894,26.95625400543213
1078,0.0697,0.2975,5.9999999999999995e-05,1328.2363756111756,24.670307636260986
1079,0.0707,0.2733,5.9999999999999995e-05,1089.8910807342013,30.06538963317871
1080,0.0701,0.2653,5.9999999999999995e-05,1285.5691266651984,25.489099979400635
1081,0.0701,0.2976,5.9999999999999995e-05,1047.7477267726342,31.274703979492188
1082,0.0694,0.2770,5.9999999999999995e-05,1270.3039067373925,25.79540205001831
1083,0.0697,0.2844,5.9999999999999995e-05,998.4611164214091,32.818503856658936
1084,0.0651,0.2934,5.9999999999999995e-05,1193.7163304182282,27.45040774345398
1085,0.0653,0.3199,5.9999999999999995e-05,1016.8217171689746,32.22590494155884
1086,0.0683,0.2725,5.9999999999999995e-05,1170.2448296331,28.000978231430054
1087,0.0697,0.2616,5.9999999999999995e-05,915.301405853461,35.8002290725708
1088,0.0733,0.2740,5.9999999999999995e-05,1045.3181216281312,31.347394943237305
1089,0.0711,0.2750,5.9999999999999995e-05,998.6394195204322,32.812644243240356
1090,0.0708,0.3064,5.9999999999999995e-05,1056.7857868672436,31.007230043411255
1091,0.0674,0.2591,5.9999999999999995e-05,1073.2305637901745,30.532115936279297
1092,0.0672,0.3024,5.9999999999999995e-05,1049.2120095351684,31.231056928634644
1093,0.0682,0.2930,5.9999999999999995e-05,1047.692153624002,31.276362895965576
1094,0.0750,0.3176,5.9999999999999995e-05,1051.1975055835542,31.172067880630493
1095,0.0692,0.2719,5.9999999999999995e-05,1058.4625124402446,30.95811104774475
1096,0.0670,0.2577,5.9999999999999995e-05,954.4017977444697,34.333548069000244
1097,0.0635,0.2897,5.9999999999999995e-05,1036.6284365184472,31.610168933868408
1098,0.0693,0.2877,5.9999999999999995e-05,1012.3237915786217,32.36909008026123
1099,0.0714,0.2727,5.9999999999999995e-05,1171.632297418873,27.96781897544861
1100,0.0720,0.3131,5.9999999999999995e-05,1368.9459212640934,23.936665058135986
1101,0.0711,0.2908,5.9999999999999995e-05,1140.079628432744,28.741852045059204
1102,0.0681,0.2701,5.9999999999999995e-05,982.0340874029712,33.36747717857361
1103,0.0653,0.2768,5.9999999999999995e-05,1056.3324988647837,31.020535707473755
1104,0.0728,0.2748,5.9999999999999995e-05,1278.5131793582066,25.6297709941864
1105,0.0698,0.2794,5.9999999999999995e-05,1041.1682805516564,31.4723379611969
1106,0.0692,0.3248,5.9999999999999995e-05,1062.6997673463109,30.834673166275024
1107,0.0702,0.2892,5.9999999999999995e-05,1057.013633587787,31.00054621696472
1108,0.0675,0.2990,5.9999999999999995e-05,995.2896852515788,32.92307806015015
1109,0.0653,0.2870,5.9999999999999995e-05,1234.219974463198,26.549562215805054
1110,0.0694,0.2684,5.9999999999999995e-05,1063.801710681101,30.802732944488525
1111,0.0695,0.2681,5.9999999999999995e-05,1157.6143770668646,28.306490182876587
1112,0.0698,0.2919,5.9999999999999995e-05,974.6982980988515,33.61860799789429
1113,0.0695,0.2920,5.9999999999999995e-05,918.6316334361308,35.670445919036865
1114,0.0669,0.2729,5.9999999999999995e-05,763.0468300628638,42.943629026412964
1115,0.0696,0.2930,5.9999999999999995e-05,939.9896855590872,34.85995697975159
1116,0.0629,0.2508,5.9999999999999995e-05,861.1251421973167,38.05254125595093
1117,0.0663,0.2876,5.9999999999999995e-05,831.5012124074526,39.4082407951355
1118,0.0658,0.2806,5.9999999999999995e-05,780.4222051091572,41.987529039382935
1119,0.0675,0.2517,5.9999999999999995e-05,1198.2632328340226,27.346245050430298
1120,0.0711,0.3299,5.9999999999999995e-05,1186.0283337629958,27.628345012664795
1121,0.0619,0.2520,5.9999999999999995e-05,1043.495598630514,31.40214490890503
1122,0.0666,0.2837,5.9999999999999995e-05,1068.599788604721,30.664426803588867
1123,0.0673,0.3135,5.9999999999999995e-05,1028.1830722327672,31.869810819625854
1124,0.0694,0.3460,5.9999999999999995e-05,1171.3658018053575,27.97418189048767
1125,0.0650,0.2723,5.9999999999999995e-05,883.5875043960324,37.08517813682556
1126,0.0675,0.3022,5.9999999999999995e-05,1278.8306652567042,25.62340807914734
1127,0.0699,0.3073,5.9999999999999995e-05,1143.2817678218782,28.661350965499878
1128,0.0691,0.2943,5.9999999999999995e-05,1299.2315245275538,25.221062898635864
1129,0.0657,0.2646,5.9999999999999995e-05,1345.9939747311798,24.344834089279175
1130,0.0661,0.2975,5.9999999999999995e-05,1175.0681628255036,27.88604187965393
1131,0.0657,0.2652,5.9999999999999995e-05,1060.610373817689,30.89541721343994
1132,0.0700,0.2861,5.9999999999999995e-05,900.5267313737791,36.387592792510986
1133,0.0683,0.2660,5.9999999999999995e-05,627.8294496718689,52.19251823425293
1134,0.0714,0.2908,5.9999999999999995e-05,852.6607795649503,38.430288791656494
1135,0.0688,0.2776,5.9999999999999995e-05,602.5048746627762,54.386281967163086
1136,0.0645,0.2941,5.9999999999999995e-05,868.059510707432,37.74856400489807
1137,0.0681,0.3163,5.9999999999999995e-05,969.9618747315188,33.78277111053467
1138,0.0709,0.3016,5.9999999999999995e-05,1054.3888704909007,31.077718019485474
1139,0.0641,0.2569,5.9999999999999995e-05,1039.1773248329432,31.53263568878174
1140,0.0648,0.2674,5.9999999999999995e-05,761.368716226955,43.03828001022339
1141,0.0642,0.3098,5.9999999999999995e-05,912.6100224002181,35.90580773353577
1142,0.0678,0.3070,5.9999999999999995e-05,911.7364377027885,35.940211057662964
1143,0.0661,0.3429,5.9999999999999995e-05,509.5461135310678,64.30821299552917
1144,0.0683,0.3228,5.9999999999999995e-05,518.3270960328335,63.218767166137695
1145,0.1275,1.4251,5.9999999999999995e-05,715.1521532758402,45.81962013244629
1146,0.0788,0.4802,5.9999999999999995e-05,973.5743837425214,33.65741801261902
1147,0.0850,0.6097,5.9999999999999995e-05,839.6883163207686,39.024003744125366
1148,0.0783,0.3856,5.9999999999999995e-05,979.5149568917843,33.45329213142395
1149,0.0725,0.4006,5.9999999999999995e-05,709.2936662302719,46.1980721950531
1150,0.0681,0.3348,5.9999999999999995e-05,787.7952339974292,41.59456491470337
1151,0.0679,0.3050,5.9999999999999995e-05,725.8743580611996,45.14279866218567
1152,0.0763,0.3474,5.9999999999999995e-05,772.687244669799,42.407843828201294
1153,0.0718,0.3326,5.9999999999999995e-05,849.6553223793893,38.566226959228516
1154,0.0701,0.2926,5.9999999999999995e-05,779.6641343802665,42.028353691101074
1155,0.0748,0.2965,5.9999999999999995e-05,864.2769516591518,37.91377282142639
1156,0.0712,0.3436,5.9999999999999995e-05,721.7665174248284,45.399723052978516
1157,0.0785,0.3871,5.9999999999999995e-05,583.2001248899649,56.18654489517212
1158,0.0665,0.2725,5.9999999999999995e-05,795.8057606086987,41.17587685585022
1159,0.0758,0.3281,5.9999999999999995e-05,681.8417640388835,48.05807113647461
1160,0.0714,0.3006,5.9999999999999995e-05,720.9515993190333,45.45104002952576
1161,0.0679,0.3048,5.9999999999999995e-05,585.8913020806939,55.928462982177734
1162,0.0671,0.2745,5.9999999999999995e-05,617.7428138196268,53.04472875595093
1163,0.0752,0.3163,5.9999999999999995e-05,702.3388684418065,46.65554118156433
1164,0.0719,0.2827,5.9999999999999995e-05,613.2620611492345,53.43229603767395
1165,0.0645,0.2945,5.9999999999999995e-05,720.7863710803999,45.461458921432495
1166,0.0725,0.2816,5.9999999999999995e-05,821.870444461042,39.870030879974365
1167,0.0636,0.2655,5.9999999999999995e-05,774.3117586879594,42.31887173652649
1168,0.0647,0.2816,5.9999999999999995e-05,812.6411111244214,40.322843074798584
1169,0.0723,0.3148,5.9999999999999995e-05,970.1006031207394,33.77794003486633
1170,0.1357,1.2709,5.9999999999999995e-05,700.2253626665392,46.79636263847351
1171,0.0761,0.5045,5.9999999999999995e-05,640.1730874271163,51.18615674972534
1172,0.0776,0.5212,5.9999999999999995e-05,732.9940888408506,44.70431685447693
1173,0.0747,0.3972,5.9999999999999995e-05,759.7638131049487,43.12919282913208
1174,0.0722,0.4320,5.9999999999999995e-05,734.3600278637894,44.62116503715515
1175,0.0687,0.3561,5.9999999999999995e-05,736.6431861578288,44.48286581039429
1176,0.0766,0.3645,5.9999999999999995e-05,866.058935797152,37.83576226234436
1177,0.0650,0.3148,5.9999999999999995e-05,762.241206266986,42.98901677131653
1178,0.0780,0.4164,5.9999999999999995e-05,586.9378701504952,55.828737020492554
1179,0.0658,0.3077,5.9999999999999995e-05,554.6874714151053,59.07470726966858
1180,0.0781,0.3428,5.9999999999999995e-05,625.7400572874302,52.36679291725159
1181,0.0671,0.2674,5.9999999999999995e-05,577.7337614161244,56.7181670665741
1182,0.0630,0.2913,5.9999999999999995e-05,583.5141571827417,56.156306743621826
1183,0.0697,0.3115,5.9999999999999995e-05,557.9246543240945,58.73194479942322
1184,0.0699,0.2721,5.9999999999999995e-05,592.9691601096099,55.260884046554565
1185,0.0678,0.2771,5.9999999999999995e-05,627.1201872442555,52.25154709815979
1186,0.0701,0.3143,5.9999999999999995e-05,692.2493017844021,47.33554792404175
1187,0.0666,0.3051,5.9999999999999995e-05,763.2804180156143,42.93048691749573
1188,0.0707,0.2767,5.9999999999999995e-05,915.9117410489871,35.7763729095459
1189,0.0701,0.2828,5.9999999999999995e-05,901.9567128094802,36.32990312576294
1190,0.0668,0.2680,5.9999999999999995e-05,714.8612301843277,45.8382670879364
1191,0.0694,0.2755,5.9999999999999995e-05,690.0915647212303,47.483553886413574
1192,0.0743,0.3011,5.9999999999999995e-05,662.9209969124693,49.42972111701965
1193,0.0697,0.2549,5.9999999999999995e-05,964.7350062286739,33.96580386161804
1194,0.0646,0.2425,5.9999999999999995e-05,779.902706805057,42.0154972076416
1195,0.0652,0.2669,5.9999999999999995e-05,613.7485823288926,53.38994002342224
1196,0.0664,0.2709,5.9999999999999995e-05,641.5105943476148,51.079437017440796
1197,0.0668,0.2820,5.9999999999999995e-05,674.0755351823589,48.6117627620697
1198,0.0655,0.2649,5.9999999999999995e-05,562.5359465499027,58.2504997253418
1199,0.0613,0.2418,5.9999999999999995e-05,700.2271392936271,46.79624390602112
1200,0.0660,0.2679,5.9999999999999995e-05,726.686117469663,45.09237098693848
1201,0.0685,0.2663,5.9999999999999995e-05,703.166505427613,46.600626945495605
1202,0.0705,0.3641,5.9999999999999995e-05,769.1977770350774,42.60022711753845
1203,0.0641,0.2501,5.9999999999999995e-05,788.0270254504279,41.58233022689819
1204,0.0641,0.2565,5.9999999999999995e-05,905.3286013920258,36.19459271430969
1205,0.0662,0.3502,5.9999999999999995e-05,710.0309312782672,46.15010213851929
1206,0.0656,0.2638,5.9999999999999995e-05,677.1498319518498,48.39106273651123
1207,0.0642,0.3001,5.9999999999999995e-05,672.979241766867,48.69095206260681
1208,0.0651,0.2490,5.9999999999999995e-05,649.0739776175826,50.484230041503906
1209,0.0606,0.2608,5.9999999999999995e-05,568.810588642035,57.60792899131775
1210,0.0626,0.3041,5.9999999999999995e-05,632.3605662377408,51.81853795051575
1211,0.0700,0.3085,5.9999999999999995e-05,731.4490125490869,44.79874801635742
1212,0.0663,0.2909,5.9999999999999995e-05,816.0661217147307,40.15360903739929
1213,0.0592,0.2463,5.9999999999999995e-05,660.8177287976563,49.58704733848572
1214,0.0625,0.2513,5.9999999999999995e-05,807.4672196715553,40.58121395111084
1215,0.0555,0.2237,5.9999999999999995e-05,782.6808887427387,41.86636018753052
1216,0.0612,0.2382,5.9999999999999995e-05,585.9223340049437,55.92550086975098
1217,0.0655,0.2713,5.9999999999999995e-05,725.1390571675886,45.18857407569885
1218,0.0660,0.2786,5.9999999999999995e-05,815.9926798534676,40.15722298622131
1219,0.0616,0.2386,5.9999999999999995e-05,808.9104749407114,40.508809089660645
1220,0.0675,0.2483,5.9999999999999995e-05,786.3484828702542,41.67109203338623
1221,0.0619,0.2495,5.9999999999999995e-05,635.7859043313582,51.53936219215393
1222,0.0724,0.2759,5.9999999999999995e-05,722.7835487384773,45.335840940475464
1223,0.0673,0.2827,5.9999999999999995e-05,733.4727540174403,44.675142765045166
1224,0.0650,0.2456,5.9999999999999995e-05,792.3996205954347,41.352871894836426
1225,0.0665,0.2844,5.9999999999999995e-05,583.5322153780311,56.154568910598755
1226,0.0641,0.2846,5.9999999999999995e-05,519.981720868925,63.0175998210907
1227,0.0683,0.3136,5.9999999999999995e-05,559.4737612257388,58.569324016571045
1228,0.0639,0.2599,5.9999999999999995e-05,597.8714668524467,54.807766914367676
1229,0.0674,0.2741,5.9999999999999995e-05,500.7395709879601,65.43920612335205
1230,0.0689,0.3544,5.9999999999999995e-05,450.9204994038988,72.66912913322449
1231,0.0732,0.2726,5.9999999999999995e-05,539.4992554311883,60.73780393600464
1232,0.0601,0.2944,5.9999999999999995e-05,561.2205209755358,58.38703107833862
1233,0.0638,0.2695,5.9999999999999995e-05,611.1309495739537,53.61862301826477
1234,0.0713,0.2607,5.9999999999999995e-05,644.8140783427297,50.8177490234375
1235,0.0645,0.3355,5.9999999999999995e-05,720.8482528501494,45.45755624771118
1236,0.0626,0.2614,5.9999999999999995e-05,810.3639300070184,40.436153173446655
1237,0.0637,0.2420,5.9999999999999995e-05,760.2599530894353,43.10104703903198
1238,0.0655,0.2727,5.9999999999999995e-05,844.0269465515067,38.823405027389526
1239,0.0660,0.2558,5.9999999999999995e-05,741.6449969504312,44.18286395072937
1240,0.0653,0.2711,5.9999999999999995e-05,857.4176327681762,38.217082023620605
1241,0.0711,0.3113,5.9999999999999995e-05,1246.8297494900016,26.28105401992798
1242,0.0691,0.2824,5.9999999999999995e-05,1043.734505880977,31.394957065582275
1243,0.0681,0.2865,5.9999999999999995e-05,1157.9416799040978,28.298489093780518
1244,0.0656,0.2633,5.9999999999999995e-05,1118.7270628030349,29.290432929992676
1245,0.0654,0.2664,5.9999999999999995e-05,1245.275114635451,26.31386399269104
1246,0.0665,0.2639,5.9999999999999995e-05,1033.410236452965,31.7086079120636
1247,0.0629,0.2970,5.9999999999999995e-05,1146.2074976952247,28.588191986083984
1248,0.0623,0.2642,5.9999999999999995e-05,639.2578473928548,51.25944113731384
1249,0.0587,0.2586,5.9999999999999995e-05,684.8154309304666,47.84938907623291
1250,0.0683,0.2918,5.9999999999999995e-05,687.2265550243027,47.68151021003723
1251,0.0660,0.2873,5.9999999999999995e-05,680.5317524278133,48.15058207511902
1252,0.0644,0.2548,5.9999999999999995e-05,726.4132061742548,45.10931205749512
1253,0.0688,0.3664,5.9999999999999995e-05,729.2919606914795,44.93125081062317
1254,0.0654,0.2692,5.9999999999999995e-05,724.1504227839858,45.250267028808594
1255,0.0689,0.2701,5.9999999999999995e-05,906.5187649461061,36.1470730304718
1256,0.0648,0.3147,5.9999999999999995e-05,917.6648365643774,35.70802617073059
1257,0.0691,0.3207,5.9999999999999995e-05,856.3469137110079,38.26486611366272
1258,0.0555,0.2211,5.9999999999999995e-05,795.6127450745716,41.18586611747742
1259,0.0710,0.3215,5.9999999999999995e-05,832.963515920197,39.33905792236328
1260,0.0619,0.2671,5.9999999999999995e-05,736.64835050347,44.48255395889282
1261,0.0642,0.2689,5.9999999999999995e-05,893.6340202716024,36.66825485229492
1262,0.0639,0.2639,5.9999999999999995e-05,763.3544754362945,42.9263219833374
1263,0.0633,0.3093,5.9999999999999995e-05,834.5594366535174,39.26383018493652
1264,0.0654,0.3557,5.9999999999999995e-05,865.199546361042,37.87334394454956
1265,0.0640,0.2783,5.9999999999999995e-05,846.098854488302,38.72833514213562
1266,0.0649,0.2927,5.9999999999999995e-05,865.9933702107505,37.838626861572266
1267,0.0652,0.3468,5.9999999999999995e-05,875.2146102042472,37.43996000289917
1268,0.0636,0.2660,5.9999999999999995e-05,761.7101775784735,43.01898670196533
1269,0.0629,0.2471,5.9999999999999995e-05,1000.9562064706092,32.73669695854187
1270,0.0683,0.3442,5.9999999999999995e-05,1000.0828252432694,32.7652862071991
1271,0.0634,0.3130,5.9999999999999995e-05,1118.8330237836456,29.28765892982483
1272,0.0618,0.3281,5.9999999999999995e-05,1166.8927281457577,28.08141589164734
1273,0.0651,0.2985,5.9999999999999995e-05,611.9468730964173,53.54713201522827
1274,0.0650,0.2810,5.9999999999999995e-05,579.6444544677738,56.531205892562866
1275,0.0643,0.3644,5.9999999999999995e-05,678.2056432577104,48.31572890281677
1276,0.0606,0.2830,5.9999999999999995e-05,694.9476801237049,47.15175104141235
1277,0.0657,0.2930,5.9999999999999995e-05,825.5061024729958,39.69443702697754
1278,0.0639,0.2766,5.9999999999999995e-05,865.1718786933675,37.8745551109314
1279,0.0652,0.2721,5.9999999999999995e-05,782.7871844983811,41.86067509651184
1280,0.0658,0.2829,5.9999999999999995e-05,591.5039089866181,55.39777421951294
1281,0.0631,0.3116,5.9999999999999995e-05,590.4161923801614,55.49983286857605
1282,0.0600,0.2697,5.9999999999999995e-05,767.5840224091562,42.689789056777954
1283,0.0670,0.3543,5.9999999999999995e-05,803.6948389796767,40.77169394493103
1284,0.0647,0.3155,5.9999999999999995e-05,856.0110151718333,38.27988123893738
1285,0.0622,0.2592,5.9999999999999995e-05,616.062494493597,53.189409017562866
1286,0.0650,0.2881,5.9999999999999995e-05,545.0720252371539,60.1168258190155
1287,0.0660,0.2778,5.9999999999999995e-05,524.737997903277,62.446402072906494
